基金代码,基金简称,类型,机构持有比例,个人持有比例,资产规模,原始摘要,小类
511010,国泰上证5年期国债E,指数型,67.66%,32.34%,30.21 亿,截至2025-06-30，国泰上证5年期国债ETF 的基金机构持有0.14亿份，占总份额的67.66%，个人投资者持有0.07亿份，占总份额的32.34%,债券
511260,国泰上证10年期国债,指数型,90.52%,9.48%,165.56 亿,截至2025-06-30，国泰上证10年期国债ETF 的基金机构持有0.94亿份，占总份额的90.52%，个人投资者持有0.10亿份，占总份额的9.48%,债券
511270,海富通上证10年期地,指数型,88.35%,11.65%,37.56 亿,截至2025-06-30，海富通上证10年期地方政府债ETF 的基金机构持有0.18亿份，占总份额的88.35%，个人投资者持有0.02亿份，占总份额的11.65%,债券
159972,鹏华中证5年地债ET,指数型,98.72%,1.28%,37.61 亿,截至2025-06-30，鹏华中证5年地债ETF 的基金机构持有0.35亿份，占总份额的98.72%，个人投资者持有0.00亿份，占总份额的1.28%,债券
511020,平安中证5-10年国,指数型,91.14%,8.86%,20.05 亿,截至2025-06-30，平安中证5-10年国债活跃券ETF 的基金机构持有0.12亿份，占总份额的91.14%，个人投资者持有0.01亿份，占总份额的8.86%,债券
511520,富国中债7-10年政,指数型,96.35%,3.65%,407.05 亿,截至2025-06-30，富国中债7-10年政策性金融债ETF 的基金机构持有4.33亿份，占总份额的96.35%，个人投资者持有0.16亿份，占总份额的3.65%,债券
511090,鹏扬中债-30年期国,指数型,68.83%,31.17%,245.82 亿,截至2025-06-30，鹏扬中债-30年期国债ETF 的基金机构持有0.89亿份，占总份额的68.83%，个人投资者持有0.40亿份，占总份额的31.17%,债券
159816,鹏华0-4年地方政府,指数型,99.01%,0.99%,120.17 亿,截至2025-06-30，鹏华0-4年地方政府债ETF 的基金机构持有0.17亿份，占总份额的99.01%，个人投资者持有0.00亿份，占总份额的0.99%,债券
511360,海富通中证短融ETF,指数型,65.91%,34.09%,702.23 亿,截至2025-06-30，海富通中证短融ETF 的基金机构持有2.88亿份，占总份额的65.91%，个人投资者持有1.49亿份，占总份额的34.09%,债券
159649,华安中债1-5年国开,指数型,94.81%,5.19%,27.40 亿,截至2025-06-30，华安中债1-5年国开债ETF 的基金机构持有0.37亿份，占总份额的94.81%，个人投资者持有0.02亿份，占总份额的5.19%,债券
511580,招商中证国债及政策性,指数型,89.74%,10.26%,56.07 亿,截至2025-06-30，招商中证国债及政策性金融债0-3年ETF 的基金机构持有0.03亿份，占总份额的89.74%，个人投资者持有0.00亿份，占总份额的10.26%,债券
511100,华夏上证基准做市国债,指数型,81.37%,18.63%,114.50 亿,截至2025-06-30，华夏上证基准做市国债ETF 的基金机构持有0.03亿份，占总份额的81.37%，个人投资者持有0.01亿份，占总份额的18.63%,债券
159650,博时中债0-3年国开,指数型,76.71%,8.09%,42.33 亿,截至2025-06-30，博时中债0-3年国开行ETF 的基金机构持有0.24亿份，占总份额的76.71%，个人投资者持有0.03亿份，占总份额的8.09%,债券
159651,平安中债-0-3年国,指数型,89.78%,10.22%,6.95 亿,截至2025-06-30，平安中债-0-3年国开行债券ETF 的基金机构持有0.09亿份，占总份额的89.78%，个人投资者持有0.01亿份，占总份额的10.22%,债券
511030,平安中债债利差因子E,指数型,99.48%,0.52%,337.20 亿,截至2025-06-30，平安中债债利差因子ETF 的基金机构持有2.05亿份，占总份额的99.48%，个人投资者持有0.01亿份，占总份额的0.52%,债券
511060,海富通上证5年期地方,指数型,95.01%,4.99%,13.90 亿,截至2025-06-30，海富通上证5年期地方政府债ETF 的基金机构持有0.08亿份，占总份额的95.01%，个人投资者持有0.00亿份，占总份额的4.99%,债券
511130,博时上证30年期国债,指数型,80.24%,19.76%,142.39 亿,截至2025-06-30，博时上证30年期国债ETF 的基金机构持有0.52亿份，占总份额的80.24%，个人投资者持有0.13亿份，占总份额的19.76%,债券
159395,大成深证基准做市信用,指数型,99.77%,0.23%,117.10 亿,截至2025-06-30，大成深证基准做市信用债ETF 的基金机构持有1.18亿份，占总份额的99.77%，个人投资者持有0.00亿份，占总份额的0.23%,债券
159396,博时深证基准做市信用,指数型,99.55%,0.45%,103.82 亿,截至2025-06-30，博时深证基准做市信用债ETF 的基金机构持有1.21亿份，占总份额的99.55%，个人投资者持有0.01亿份，占总份额的0.45%,债券
159397,广发深证基准做市信用,指数型,99.86%,0.14%,130.10 亿,截至2025-06-30，广发深证基准做市信用债ETF 的基金机构持有1.39亿份，占总份额的99.86%，个人投资者持有0.00亿份，占总份额的0.14%,债券
511200,华夏上证基准做市公司,指数型,99.70%,0.30%,172.49 亿,截至2025-06-30，华夏上证基准做市公司债ETF 的基金机构持有2.13亿份，占总份额的99.70%，个人投资者持有0.01亿份，占总份额的0.30%,债券
511110,易方达上证基准做市公,指数型,99.68%,0.32%,245.93 亿,截至2025-06-30，易方达上证基准做市公司债ETF 的基金机构持有2.10亿份，占总份额的99.68%，个人投资者持有0.01亿份，占总份额的0.32%,债券
511160,国债ETF东财,指数型,97.39%,2.61%,62.77 亿,截至2025-06-30，国债ETF东财 的基金机构持有0.80亿份，占总份额的97.39%，个人投资者持有0.02亿份，占总份额的2.61%,债券
511070,南方上证基准做市公司,指数型,99.81%,0.19%,259.58 亿,截至2025-06-30，南方上证基准做市公司债ETF 的基金机构持有2.14亿份，占总份额的99.81%，个人投资者持有0.00亿份，占总份额的0.19%,债券
159398,天弘深证基准做市信用,指数型,99.92%,0.08%,124.58 亿,截至2025-06-30，天弘深证基准做市信用债ETF 的基金机构持有1.16亿份，占总份额的99.92%，个人投资者持有0.00亿份，占总份额的0.08%,债券
511190,海富通上证基准做市公,指数型,99.22%,0.78%,120.58 亿,截至2025-06-30，海富通上证基准做市公司债ETF 的基金机构持有1.34亿份，占总份额的99.22%，个人投资者持有0.01亿份，占总份额的0.78%,债券
159110,万家深证AAA科技创,指数型,93.73%,6.27%,21.87 亿,截至2025-09-17，万家深证AAA科技创新公司债ETF 的基金机构持有19.93亿份，占总份额的93.73%，个人投资者持有1.33亿份，占总份额的6.27%,债券
551510,科创债ETF华泰柏瑞,指数型,99.85%,0.15%,108.65 亿,截至2025-09-17，科创债ETF华泰柏瑞 的基金机构持有0.30亿份，占总份额的99.85%，个人投资者持有0.00亿份，占总份额的0.15%,债券
511150,科创债ETF永赢,指数型,99.83%,0.17%,37.76 亿,截至2025-09-17，科创债ETF永赢 的基金机构持有29.48亿份，占总份额的99.83%，个人投资者持有0.05亿份，占总份额的0.17%,债券
159400,景顺长城深证AAA科,指数型,96.13%,3.87%,50.03 亿,截至2025-07-10，景顺长城深证AAA科技创新公司债ETF 的基金机构持有22.11亿份，占总份额的96.13%，个人投资者持有0.89亿份，占总份额的3.87%,债券
551580,泰康中证AAA科技创,指数型,99.86%,0.14%,126.05 亿,截至2025-09-17，泰康中证AAA科技创新公司债ETF 的基金机构持有29.64亿份，占总份额的99.86%，个人投资者持有0.04亿份，占总份额的0.14%,债券
159116,科创债ETF工银,指数型,98.43%,1.57%,110.78 亿,截至2025-09-17，科创债ETF工银 的基金机构持有29.26亿份，占总份额的98.43%，个人投资者持有0.47亿份，占总份额的1.57%,债券
159111,天弘中证AAA科技创,指数型,99.71%,0.29%,108.22 亿,截至2025-09-17，天弘中证AAA科技创新公司债ETF 的基金机构持有29.81亿份，占总份额的99.71%，个人投资者持有0.09亿份，占总份额的0.29%,债券
551500,易方达中证AAA科技,指数型,97.17%,2.83%,130.50 亿,截至2025-07-10，易方达中证AAA科技创新公司债ETF 的基金机构持有27.42亿份，占总份额的97.17%，个人投资者持有0.80亿份，占总份额的2.83%,债券
551800,国泰中证AAA科技创,指数型,99.63%,0.37%,149.08 亿,截至2025-09-17，国泰中证AAA科技创新公司债ETF 的基金机构持有29.75亿份，占总份额的99.63%，个人投资者持有0.11亿份，占总份额的0.37%,债券
551300,摩根上证AAA科技创,指数型,70.18%,29.82%,67.42 亿,截至2025-09-17，摩根上证AAA科技创新公司债ETF 的基金机构持有20.91亿份，占总份额的70.18%，个人投资者持有8.89亿份，占总份额的29.82%,债券
159112,科创债ETF银华,指数型,99.79%,0.21%,291.66 亿,截至2025-09-17，科创债ETF银华 的基金机构持有29.93亿份，占总份额的99.79%，个人投资者持有0.06亿份，占总份额的0.21%,债券
159113,大成中证AAA科技创,指数型,98.20%,1.80%,123.94 亿,截至2025-09-17，大成中证AAA科技创新公司债ETF 的基金机构持有28.61亿份，占总份额的98.20%，个人投资者持有0.52亿份，占总份额的1.80%,债券
159115,华安中证AAA科技创,指数型,99.79%,0.21%,51.03 亿,截至2025-09-17，华安中证AAA科技创新公司债ETF 的基金机构持有29.50亿份，占总份额的99.79%，个人投资者持有0.06亿份，占总份额的0.21%,债券
159200,富国中证AAA科技创,指数型,59.76%,40.24%,246.59 亿,截至2025-07-10，富国中证AAA科技创新公司债ETF 的基金机构持有17.93亿份，占总份额的59.76%，个人投资者持有12.07亿份，占总份额的40.24%,债券
551060,中银上证AAA科创债,指数型,99.83%,0.17%,100.64 亿,截至2025-09-17，中银上证AAA科创债ETF 的基金机构持有0.30亿份，占总份额的99.83%，个人投资者持有0.00亿份，占总份额的0.17%,债券
551560,兴业中证AAA科技创,指数型,99.71%,0.29%,174.20 亿,截至2025-09-17，兴业中证AAA科技创新公司债ETF 的基金机构持有29.91亿份，占总份额的99.71%，个人投资者持有0.09亿份，占总份额的0.29%,债券
551000,博时上证AAA科创债,指数型,90.66%,9.34%,107.48 亿,截至2025-07-10，博时上证AAA科创债ETF 的基金机构持有0.27亿份，占总份额的90.66%，个人投资者持有0.03亿份，占总份额的9.34%,债券
511120,广发上证AAA科技创,指数型,99.06%,0.94%,110.56 亿,截至2025-07-10，广发上证AAA科技创新公司债ETF 的基金机构持有0.29亿份，占总份额的99.06%，个人投资者持有0.00亿份，占总份额的0.94%,债券
551550,华夏中证AAA科技创,指数型,98.62%,1.38%,151.43 亿,截至2025-07-10，华夏中证AAA科技创新公司债ETF 的基金机构持有29.20亿份，占总份额的98.62%，个人投资者持有0.41亿份，占总份额的1.38%,债券
551900,招商中证AAA科技创,指数型,93.27%,6.73%,240.38 亿,截至2025-07-10，招商中证AAA科技创新公司债ETF 的基金机构持有0.28亿份，占总份额的93.27%，个人投资者持有0.02亿份，占总份额的6.73%,债券
159600,嘉实中证AAA科技创,指数型,97.71%,2.29%,436.73 亿,截至2025-07-10，嘉实中证AAA科技创新公司债ETF 的基金机构持有28.91亿份，占总份额的97.71%，个人投资者持有0.68亿份，占总份额的2.29%,债券
159700,南方中证AAA科技创,指数型,99.61%,0.39%,115.02 亿,截至2025-07-10，南方中证AAA科技创新公司债ETF 的基金机构持有29.81亿份，占总份额的99.61%，个人投资者持有0.12亿份，占总份额的0.39%,债券
511380,博时可转债ETF,指数型,98.43%,1.57%,518.82 亿,截至2025-06-30，博时可转债ETF 的基金机构持有29.30亿份，占总份额的98.43%，个人投资者持有0.47亿份，占总份额的1.57%,债券
511180,海富通上证投资级可转,指数型,98.86%,1.14%,91.07 亿,截至2025-06-30，海富通上证投资级可转债ETF 的基金机构持有5.20亿份，占总份额的98.86%，个人投资者持有0.06亿份，占总份额的1.14%,债券
518680,富国上海金ETF,指数型,86.28%,13.72%,58.93 亿,截至2025-06-30，富国上海金ETF 的基金机构持有3.11亿份，占总份额的86.28%，个人投资者持有0.49亿份，占总份额的13.72%,黄金
159934,易方达黄金ETF,指数型,83.19%,16.81%,355.07 亿,截至2025-06-30，易方达黄金ETF 的基金机构持有29.60亿份，占总份额的83.19%，个人投资者持有5.98亿份，占总份额的16.81%,黄金
159834,金ETF,指数型,10.18%,6.63%,13.49 亿,截至2025-06-30，金ETF 的基金机构持有0.13亿份，占总份额的10.18%，个人投资者持有0.08亿份，占总份额的6.63%,黄金
518600,广发上海金ETF,指数型,87.57%,12.43%,49.52 亿,截至2025-06-30，广发上海金ETF 的基金机构持有2.32亿份，占总份额的87.57%，个人投资者持有0.33亿份，占总份额的12.43%,黄金
159831,嘉实上海金ETF,指数型,93.76%,6.24%,14.68 亿,截至2025-06-30，嘉实上海金ETF 的基金机构持有0.86亿份，占总份额的93.76%，个人投资者持有0.06亿份，占总份额的6.24%,黄金
518860,建信上海金ETF,指数型,96.55%,3.45%,35.44 亿,截至2025-06-30，建信上海金ETF 的基金机构持有2.72亿份，占总份额的96.55%，个人投资者持有0.10亿份，占总份额的3.45%,黄金
518890,中银上海金ETF,指数型,98.57%,1.43%,28.81 亿,截至2025-06-30，中银上海金ETF 的基金机构持有2.66亿份，占总份额的98.57%，个人投资者持有0.04亿份，占总份额的1.43%,黄金
518660,工银瑞信黄金ETF,指数型,79.19%,20.81%,66.06 亿,截至2025-06-30，工银瑞信黄金ETF 的基金机构持有3.79亿份，占总份额的79.19%，个人投资者持有1.00亿份，占总份额的20.81%,黄金
518880,华安黄金ETF,指数型,64.70%,35.30%,939.85 亿,截至2025-06-30，华安黄金ETF 的基金机构持有52.82亿份，占总份额的64.70%，个人投资者持有28.82亿份，占总份额的35.30%,黄金
159937,博时黄金ETF,指数型,9.05%,5.32%,403.17 亿,截至2025-06-30，博时黄金ETF 的基金机构持有3.45亿份，占总份额的9.05%，个人投资者持有2.03亿份，占总份额的5.32%,黄金
159812,前海开源黄金ETF,指数型,93.71%,6.29%,13.64 亿,截至2025-06-30，前海开源黄金ETF 的基金机构持有1.44亿份，占总份额的93.71%，个人投资者持有0.10亿份，占总份额的6.29%,黄金
511220,海富通上证城投债ET,指数型,97.27%,2.73%,285.10 亿,截至2025-06-30，海富通上证城投债ETF 的基金机构持有19.93亿份，占总份额的97.27%，个人投资者持有0.56亿份，占总份额的2.73%,债券
510530,工银中证500ETF,指数型,96.86%,3.14%,3.77 亿,截至2025-06-30，工银中证500ETF 的基金机构持有0.60亿份，占总份额的96.86%，个人投资者持有0.02亿份，占总份额的3.14%,中证500
510590,平安中证500ETF,指数型,95.61%,4.39%,11.04 亿,截至2025-06-30，平安中证500ETF 的基金机构持有0.85亿份，占总份额的95.61%，个人投资者持有0.04亿份，占总份额的4.39%,中证500
510500,南方中证500ETF,指数型,83.21%,9.68%,1446.90 亿,截至2025-06-30，南方中证500ETF 的基金机构持有158.19亿份，占总份额的83.21%，个人投资者持有18.41亿份，占总份额的9.68%,中证500
515660,国联安沪深300ET,指数型,99.43%,0.57%,35.48 亿,截至2025-06-30，国联安沪深300ETF 的基金机构持有8.85亿份，占总份额的99.43%，个人投资者持有0.05亿份，占总份额的0.57%,沪深300
515380,泰康沪深300ETF,指数型,95.96%,4.04%,36.38 亿,截至2025-06-30，泰康沪深300ETF 的基金机构持有7.37亿份，占总份额的95.96%，个人投资者持有0.31亿份，占总份额的4.04%,沪深300
159916,建信深证基本面60E,指数型,96.79%,3.21%,2.68 亿,截至2025-06-30，建信深证基本面60ETF 的基金机构持有0.73亿份，占总份额的96.79%，个人投资者持有0.02亿份，占总份额的3.21%,策略
510390,平安沪深300ETF,指数型,91.70%,8.30%,4.97 亿,截至2025-06-30，平安沪深300ETF 的基金机构持有1.18亿份，占总份额的91.70%，个人投资者持有0.11亿份，占总份额的8.30%,沪深300
159300,富国沪深300ETF,指数型,70.90%,29.10%,12.07 亿,截至2025-06-30，富国沪深300ETF 的基金机构持有3.06亿份，占总份额的70.90%，个人投资者持有1.25亿份，占总份额的29.10%,沪深300
159919,嘉实沪深300ETF,指数型,96.53%,3.47%,1971.24 亿,截至2025-06-30，嘉实沪深300ETF 的基金机构持有398.08亿份，占总份额的96.53%，个人投资者持有14.33亿份，占总份额的3.47%,沪深300
510350,工银瑞信沪深300E,指数型,96.92%,3.08%,40.75 亿,截至2025-06-30，工银瑞信沪深300ETF 的基金机构持有8.61亿份，占总份额的96.92%，个人投资者持有0.27亿份，占总份额的3.08%,沪深300
510330,华夏沪深300ETF,指数型,93.09%,1.08%,2286.56 亿,截至2025-06-30，华夏沪深300ETF 的基金机构持有446.50亿份，占总份额的93.09%，个人投资者持有5.17亿份，占总份额的1.08%,沪深300
159393,万家沪深300ETF,指数型,62.70%,37.30%,3.73 亿,截至2025-06-30，万家沪深300ETF 的基金机构持有0.29亿份，占总份额的62.70%，个人投资者持有0.17亿份，占总份额的37.30%,沪深300
159925,南方沪深300ETF,指数型,19.64%,14.08%,27.42 亿,截至2025-06-30，南方沪深300ETF 的基金机构持有1.76亿份，占总份额的19.64%，个人投资者持有1.26亿份，占总份额的14.08%,沪深300
510300,华泰柏瑞沪深300E,指数型,87.10%,12.20%,4222.58 亿,截至2025-06-30，华泰柏瑞沪深300ETF 的基金机构持有819.14亿份，占总份额的87.10%，个人投资者持有114.76亿份，占总份额的12.20%,沪深300
512500,华夏中证500ETF,指数型,80.57%,5.64%,180.85 亿,截至2025-06-30，华夏中证500ETF 的基金机构持有32.37亿份，占总份额的80.57%，个人投资者持有2.27亿份，占总份额的5.64%,中证500
510310,易方达沪深300发起,指数型,96.79%,3.21%,3002.20 亿,截至2025-06-30，易方达沪深300发起式ETF 的基金机构持有662.29亿份，占总份额的96.79%，个人投资者持有21.96亿份，占总份额的3.21%,沪深300
510580,易方达中证500ET,指数型,82.70%,17.30%,29.09 亿,截至2025-06-30，易方达中证500ETF 的基金机构持有7.89亿份，占总份额的82.70%，个人投资者持有1.65亿份，占总份额的17.30%,中证500
510180,华安上证180ETF,指数型,96.57%,3.43%,232.67 亿,截至2025-06-30，华安上证180ETF 的基金机构持有55.59亿份，占总份额的96.57%，个人投资者持有1.97亿份，占总份额的3.43%,上证180
510850,工银瑞信上证50ET,指数型,85.39%,14.61%,3.75 亿,截至2025-06-30，工银瑞信上证50ETF 的基金机构持有0.60亿份，占总份额的85.39%，个人投资者持有0.10亿份，占总份额的14.61%,上证50ETF
159633,易方达中证1000E,指数型,60.88%,39.12%,15.43 亿,截至2025-06-30，易方达中证1000ETF 的基金机构持有4.18亿份，占总份额的60.88%，个人投资者持有2.69亿份，占总份额的39.12%,中证1000
159901,易方达深证100ET,指数型,67.40%,32.60%,70.61 亿,截至2025-06-30，易方达深证100ETF 的基金机构持有15.82亿份，占总份额的67.40%，个人投资者持有7.65亿份，占总份额的32.60%,深证100
159845,华夏中证1000ET,指数型,97.69%,1.84%,499.08 亿,截至2025-06-30，华夏中证1000ETF 的基金机构持有143.16亿份，占总份额的97.69%，个人投资者持有2.69亿份，占总份额的1.84%,中证1000
560010,广发中证1000ET,指数型,97.69%,2.31%,358.72 亿,截至2025-06-30，广发中证1000ETF 的基金机构持有115.24亿份，占总份额的97.69%，个人投资者持有2.72亿份，占总份额的2.31%,中证1000
159629,富国中证1000ET,指数型,94.54%,5.46%,132.77 亿,截至2025-06-30，富国中证1000ETF 的基金机构持有43.39亿份，占总份额的94.54%，个人投资者持有2.51亿份，占总份额的5.46%,中证1000
159922,嘉实中证500ETF,指数型,91.70%,8.30%,156.15 亿,截至2025-06-30，嘉实中证500ETF 的基金机构持有43.75亿份，占总份额的91.70%，个人投资者持有3.96亿份，占总份额的8.30%,中证500
513310,华泰柏瑞中韩半导体E,指数型,51.20%,38.46%,36.71 亿,截至2025-06-30，华泰柏瑞中韩半导体ETF(QDII) 的基金机构持有1.72亿份，占总份额的51.20%，个人投资者持有1.29亿份，占总份额的38.46%,半导体
512100,南方中证1000ET,指数型,93.15%,5.51%,789.96 亿,截至2025-06-30，南方中证1000ETF 的基金机构持有236.08亿份，占总份额的93.15%，个人投资者持有13.97亿份，占总份额的5.51%,中证1000
159915,易方达创业板ETF,指数型,65.95%,34.05%,1004.46 亿,截至2025-06-30，易方达创业板ETF 的基金机构持有264.64亿份，占总份额的65.95%，个人投资者持有136.62亿份，占总份额的34.05%,创业板
513660,华夏沪港通恒生ETF,指数型,41.85%,8.75%,46.37 亿,截至2025-06-30，华夏沪港通恒生ETF 的基金机构持有5.93亿份，占总份额的41.85%，个人投资者持有1.24亿份，占总份额的8.75%,国际
510050,华夏上证50ETF,指数型,88.69%,10.22%,1759.22 亿,截至2025-06-30，华夏上证50ETF 的基金机构持有522.87亿份，占总份额的88.69%，个人投资者持有60.23亿份，占总份额的10.22%,上证50ETF
510100,易方达上证50ETF,指数型,90.38%,9.62%,47.60 亿,截至2025-06-30，易方达上证50ETF 的基金机构持有14.43亿份，占总份额的90.38%，个人投资者持有1.54亿份，占总份额的9.62%,上证50ETF
159562,华夏中证沪深港黄金产,指数型,58.32%,29.40%,30.33 亿,截至2025-06-30，华夏中证沪深港黄金产业股票ETF 的基金机构持有2.18亿份，占总份额的58.32%，个人投资者持有1.10亿份，占总份额的29.40%,黄金
510510,广发中证500ETF,指数型,86.14%,13.86%,20.96 亿,截至2025-06-30，广发中证500ETF 的基金机构持有9.00亿份，占总份额的86.14%，个人投资者持有1.45亿份，占总份额的13.86%,中证500
517520,永赢中证沪深港黄金产,指数型,89.02%,10.98%,125.50 亿,截至2025-06-30，永赢中证沪深港黄金产业股票ETF 的基金机构持有28.64亿份，占总份额的89.02%，个人投资者持有3.53亿份，占总份额的10.98%,黄金
588290,华安上证科创板芯片E,指数型,65.66%,34.34%,35.82 亿,截至2025-06-30，华安上证科创板芯片ETF 的基金机构持有10.78亿份，占总份额的65.66%，个人投资者持有5.64亿份，占总份额的34.34%,芯片
159910,嘉实深证基本面120,指数型,93.97%,6.03%,2.79 亿,截至2025-06-30，嘉实深证基本面120ETF 的基金机构持有1.31亿份，占总份额的93.97%，个人投资者持有0.08亿份，占总份额的6.03%,策略
159695,嘉实国证通信ETF,指数型,72.31%,27.69%,3.56 亿,截至2025-06-30，嘉实国证通信ETF 的基金机构持有0.61亿份，占总份额的72.31%，个人投资者持有0.23亿份，占总份额的27.69%,通信
159880,鹏华国证有色金属行业,指数型,50.61%,49.39%,8.83 亿,截至2025-06-30，鹏华国证有色金属行业ETF 的基金机构持有0.42亿份，占总份额的50.61%，个人投资者持有0.41亿份，占总份额的49.39%,有色
561330,国泰中证有色金属矿业,指数型,11.29%,11.01%,12.30 亿,截至2025-06-30，国泰中证有色金属矿业主题ETF 的基金机构持有0.08亿份，占总份额的11.29%，个人投资者持有0.08亿份，占总份额的11.01%,有色
512400,南方中证申万有色金属,指数型,52.31%,22.36%,205.91 亿,截至2025-06-30，南方中证申万有色金属ETF 的基金机构持有21.60亿份，占总份额的52.31%，个人投资者持有9.23亿份，占总份额的22.36%,有色
561380,国泰恒生A股电网设备,指数型,42.34%,38.67%,5.52 亿,截至2025-06-30，国泰恒生A股电网设备ETF 的基金机构持有0.26亿份，占总份额的42.34%，个人投资者持有0.24亿份，占总份额的38.67%,电网设备
159599,西藏东财中证芯片产业,指数型,67.79%,32.21%,11.90 亿,截至2025-06-30，西藏东财中证芯片产业ETF 的基金机构持有3.22亿份，占总份额的67.79%，个人投资者持有1.53亿份，占总份额的32.21%,芯片
516650,华夏细分有色金属产业,指数型,37.38%,20.47%,65.95 亿,截至2025-06-30，华夏细分有色金属产业主题ETF 的基金机构持有0.41亿份，占总份额的37.38%，个人投资者持有0.22亿份，占总份额的20.47%,有色
159566,易方达国证新能源电池,指数型,54.86%,45.14%,38.90 亿,截至2025-06-30，易方达国证新能源电池ETF 的基金机构持有0.49亿份，占总份额的54.86%，个人投资者持有0.40亿份，占总份额的45.14%,新能源
516150,嘉实中证稀土产业ET,指数型,84.69%,15.31%,77.71 亿,截至2025-06-30，嘉实中证稀土产业ETF 的基金机构持有17.30亿份，占总份额的84.69%，个人投资者持有3.13亿份，占总份额的15.31%,稀土
159936,广发中证全指可选消费,指数型,90.78%,9.22%,3.60 亿,截至2025-06-30，广发中证全指可选消费ETF 的基金机构持有1.40亿份，占总份额的90.78%，个人投资者持有0.14亿份，占总份额的9.22%,消费
159961,方正富邦深证100E,指数型,97.73%,2.27%,3.66 亿,截至2025-06-30，方正富邦深证100ETF 的基金机构持有2.64亿份，占总份额的97.73%，个人投资者持有0.06亿份，占总份额的2.27%,深证100
159964,平安创业板ETF,指数型,88.56%,11.44%,4.74 亿,截至2025-06-30，平安创业板ETF 的基金机构持有3.09亿份，占总份额的88.56%，个人投资者持有0.40亿份，占总份额的11.44%,创业板
159980,大成有色金属期货ET,指数型,79.11%,20.89%,46.97 亿,截至2025-06-30，大成有色金属期货ETF 的基金机构持有4.45亿份，占总份额的79.11%，个人投资者持有1.18亿份，占总份额的20.89%,有色
159558,易方达中证半导体材料,指数型,82.52%,17.48%,16.07 亿,截至2025-06-30，易方达中证半导体材料设备主题ETF 的基金机构持有3.22亿份，占总份额的82.52%，个人投资者持有0.68亿份，占总份额的17.48%,材料
510560,国寿安保中证500E,指数型,98.65%,1.35%,2.19 亿,截至2025-06-30，国寿安保中证500ETF 的基金机构持有1.25亿份，占总份额的98.65%，个人投资者持有0.02亿份，占总份额的1.35%,中证500
512090,易方达MSCI中国A,指数型,58.90%,41.10%,6.67 亿,截至2025-06-30，易方达MSCI中国A股ETF 的基金机构持有1.45亿份，占总份额的58.90%，个人投资者持有1.01亿份，占总份额的41.10%,MSCI
560860,万家中证工业有色金属,指数型,53.77%,40.87%,87.60 亿,截至2025-06-30，万家中证工业有色金属主题ETF 的基金机构持有2.60亿份，占总份额的53.77%，个人投资者持有1.98亿份，占总份额的40.87%,有色
159952,广发创业板ETF,指数型,83.54%,16.46%,137.26 亿,截至2025-06-30，广发创业板ETF 的基金机构持有64.22亿份，占总份额的83.54%，个人投资者持有12.65亿份，占总份额的16.46%,创业板
159958,工银瑞信创业板ETF,指数型,72.49%,27.51%,6.07 亿,截至2025-06-30，工银瑞信创业板ETF 的基金机构持有2.44亿份，占总份额的72.49%，个人投资者持有0.93亿份，占总份额的27.51%,创业板
560780,广发中证半导体材料设,指数型,62.82%,37.18%,14.79 亿,截至2025-06-30，广发中证半导体材料设备主题ETF 的基金机构持有1.03亿份，占总份额的62.82%，个人投资者持有0.61亿份，占总份额的37.18%,材料
562660,华夏中证2000ET,指数型,24.53%,21.18%,3.04 亿,截至2025-06-30，华夏中证2000ETF 的基金机构持有0.34亿份，占总份额的24.53%，个人投资者持有0.29亿份，占总份额的21.18%,中证2000
513000,易方达奥明日经225,指数型,54.92%,45.08%,16.28 亿,截至2025-06-30，易方达奥明日经225ETF(QDII) 的基金机构持有4.39亿份，占总份额的54.92%，个人投资者持有3.60亿份，占总份额的45.08%,海外
515110,易方达中证国企一带一,指数型,97.02%,2.98%,3.45 亿,截至2025-06-30，易方达中证国企一带一路ETF 的基金机构持有2.02亿份，占总份额的97.02%，个人投资者持有0.06亿份，占总份额的2.98%,一带一路
513090,易方达中证香港证券投,指数型,53.62%,46.38%,303.25 亿,截至2025-06-30，易方达中证香港证券投资主题ETF 的基金机构持有28.45亿份，占总份额的53.62%，个人投资者持有24.61亿份，占总份额的46.38%,证券
159905,工银深证红利ETF,指数型,53.79%,46.21%,19.03 亿,截至2025-06-30，工银深证红利ETF 的基金机构持有7.87亿份，占总份额的53.79%，个人投资者持有6.76亿份，占总份额的46.21%,红利
159337,中证500ETF基金,指数型,92.25%,7.75%,5.85 亿,截至2025-06-30，中证500ETF基金 的基金机构持有10.48亿份，占总份额的92.25%，个人投资者持有0.88亿份，占总份额的7.75%,中证500
515680,嘉实中证央企创新驱动,指数型,98.99%,1.01%,18.56 亿,截至2025-06-30，嘉实中证央企创新驱动ETF 的基金机构持有12.36亿份，占总份额的98.99%，个人投资者持有0.13亿份，占总份额的1.01%,创新
515600,广发央企创新ETF,指数型,98.09%,1.91%,18.43 亿,截至2025-06-30，广发央企创新ETF 的基金机构持有12.00亿份，占总份额的98.09%，个人投资者持有0.23亿份，占总份额的1.91%,创新
560280,广发中证工程机械主题,指数型,69.82%,30.18%,8.74 亿,截至2025-06-30，广发中证工程机械主题ETF 的基金机构持有0.69亿份，占总份额的69.82%，个人投资者持有0.30亿份，占总份额的30.18%,工程机械
515900,博时央企创新驱动ET,指数型,94.34%,2.01%,36.99 亿,截至2025-06-30，博时央企创新驱动ETF 的基金机构持有21.73亿份，占总份额的94.34%，个人投资者持有0.46亿份，占总份额的2.01%,创新
515150,富国中证国企一带一路,指数型,97.70%,2.30%,8.19 亿,截至2025-06-30，富国中证国企一带一路ETF 的基金机构持有5.35亿份，占总份额的97.70%，个人投资者持有0.13亿份，占总份额的2.30%,一带一路
516510,易方达中证云计算与大,指数型,50.61%,49.39%,17.44 亿,截至2025-06-30，易方达中证云计算与大数据主题ETF 的基金机构持有13.77亿份，占总份额的50.61%，个人投资者持有13.44亿份，占总份额的49.39%,云计算与大数据
510360,广发沪深300ETF,指数型,96.04%,3.96%,38.56 亿,截至2025-06-30，广发沪深300ETF 的基金机构持有42.35亿份，占总份额的96.04%，个人投资者持有1.75亿份，占总份额的3.96%,沪深300
513880,华安日经225ETF,指数型,53.57%,46.43%,19.93 亿,截至2025-06-30，华安日经225ETF 的基金机构持有5.71亿份，占总份额的53.57%，个人投资者持有4.95亿份，占总份额的46.43%,海外
513800,南方顶峰TOPIX(,指数型,57.55%,42.45%,15.95 亿,截至2025-06-30，南方顶峰TOPIX(ETF-QDII) 的基金机构持有2.86亿份，占总份额的57.55%，个人投资者持有2.11亿份，占总份额的42.45%,QDII
515190,中银证券中证500E,指数型,89.34%,10.66%,8.17 亿,截至2025-06-30，中银证券中证500ETF 的基金机构持有0.64亿份，占总份额的89.34%，个人投资者持有0.08亿份，占总份额的10.66%,中证500
513920,华安恒生港股通中国央,指数型,80.05%,19.95%,62.39 亿,截至2025-06-30，华安恒生港股通中国央企红利ETF 的基金机构持有16.88亿份，占总份额的80.05%，个人投资者持有4.21亿份，占总份额的19.95%,红利
513190,华夏中证港股通内地金,指数型,73.49%,19.92%,25.39 亿,截至2025-06-30，华夏中证港股通内地金融ETF 的基金机构持有8.36亿份，占总份额的73.49%，个人投资者持有2.26亿份，占总份额的19.92%,金融
159959,银华中证央企结构调整,指数型,97.30%,2.70%,28.98 亿,截至2025-06-30，银华中证央企结构调整ETF 的基金机构持有19.17亿份，占总份额的97.30%，个人投资者持有0.53亿份，占总份额的2.70%,国央企
588750,汇添富上证科创板芯片,指数型,79.27%,20.73%,53.00 亿,截至2025-06-30，汇添富上证科创板芯片ETF 的基金机构持有11.73亿份，占总份额的79.27%，个人投资者持有3.07亿份，占总份额的20.73%,芯片
513630,摩根标普港股通低波红,指数型,90.39%,9.61%,166.44 亿,截至2025-06-30，摩根标普港股通低波红利ETF 的基金机构持有70.28亿份，占总份额的90.39%，个人投资者持有7.47亿份，占总份额的9.61%,红利
513530,华泰柏瑞中证港股通高,指数型,37.10%,13.76%,36.85 亿,截至2025-06-30，华泰柏瑞中证港股通高股息投资ETF(QDII) 的基金机构持有6.21亿份，占总份额的37.10%，个人投资者持有2.30亿份，占总份额的13.76%,高股息
159680,招商中证1000增强,指数型,50.27%,49.73%,6.47 亿,截至2025-06-30，招商中证1000增强策略ETF 的基金机构持有1.63亿份，占总份额的50.27%，个人投资者持有1.61亿份，占总份额的49.73%,中证1000
159739,鹏华中证云计算与大数,指数型,59.03%,40.97%,2.83 亿,截至2025-06-30，鹏华中证云计算与大数据主题ETF 的基金机构持有2.58亿份，占总份额的59.03%，个人投资者持有1.79亿份，占总份额的40.97%,云计算与大数据
159997,天弘中证电子ETF,指数型,16.30%,13.28%,13.30 亿,截至2025-06-30，天弘中证电子ETF 的基金机构持有1.82亿份，占总份额的16.30%，个人投资者持有1.48亿份，占总份额的13.28%,电子
513910,华夏中证港股通央企红,指数型,59.39%,14.48%,49.92 亿,截至2025-06-30，华夏中证港股通央企红利ETF 的基金机构持有12.07亿份，占总份额的59.39%，个人投资者持有2.94亿份，占总份额的14.48%,红利
159375,国泰创业板50ETF,指数型,8.69%,2.53%,2.28 亿,截至2025-06-30，国泰创业板50ETF 的基金机构持有0.30亿份，占总份额的8.69%，个人投资者持有0.09亿份，占总份额的2.53%,创业板
159977,天弘创业板ETF,指数型,8.54%,6.25%,85.97 亿,截至2025-06-30，天弘创业板ETF 的基金机构持有3.43亿份，占总份额的8.54%，个人投资者持有2.51亿份，占总份额的6.25%,创业板
159370,工银瑞信创业板50E,指数型,96.62%,3.38%,2.82 亿,截至2025-06-30，工银瑞信创业板50ETF 的基金机构持有1.50亿份，占总份额的96.62%，个人投资者持有0.05亿份，占总份额的3.38%,创业板
515020,华夏中证银行ETF,指数型,14.70%,7.57%,9.38 亿,截至2025-06-30，华夏中证银行ETF 的基金机构持有0.39亿份，占总份额的14.70%，个人投资者持有0.20亿份，占总份额的7.57%,银行
513750,广发中证港股通非银E,指数型,82.43%,17.57%,269.11 亿,截至2025-06-30，广发中证港股通非银ETF 的基金机构持有25.31亿份，占总份额的82.43%，个人投资者持有5.39亿份，占总份额的17.57%,非银
159373,嘉实创业板50ETF,指数型,76.46%,23.54%,4.49 亿,截至2025-06-30，嘉实创业板50ETF 的基金机构持有2.80亿份，占总份额的76.46%，个人投资者持有0.86亿份，占总份额的23.54%,创业板
515210,国泰中证钢铁ETF,指数型,48.17%,25.25%,39.80 亿,截至2025-06-30，国泰中证钢铁ETF 的基金机构持有4.62亿份，占总份额的48.17%，个人投资者持有2.42亿份，占总份额的25.25%,钢铁
159335,融通中证诚通央企科技,指数型,83.14%,16.86%,2.42 亿,截至2025-06-30，融通中证诚通央企科技创新ETF 的基金机构持有2.12亿份，占总份额的83.14%，个人投资者持有0.43亿份，占总份额的16.86%,创新
560880,广发中证全指家用电器,指数型,95.55%,4.45%,6.41 亿,截至2025-06-30，广发中证全指家用电器ETF 的基金机构持有2.73亿份，占总份额的95.55%，个人投资者持有0.13亿份，占总份额的4.45%,家用电器
512950,华夏中证央企ETF,指数型,91.63%,2.22%,62.41 亿,截至2025-06-30，华夏中证央企ETF 的基金机构持有38.28亿份，占总份额的91.63%，个人投资者持有0.93亿份，占总份额的2.22%,国央企
159697,鹏华国证石油天然气E,指数型,73.29%,26.71%,2.07 亿,截至2025-06-30，鹏华国证石油天然气ETF 的基金机构持有1.14亿份，占总份额的73.29%，个人投资者持有0.42亿份，占总份额的26.71%,能源
159565,易方达中证汽车零部件,指数型,71.86%,28.14%,3.81 亿,截至2025-06-30，易方达中证汽车零部件主题ETF 的基金机构持有0.53亿份，占总份额的71.86%，个人投资者持有0.21亿份，占总份额的28.14%,汽车零部件
513170,鹏华恒生中国央企(Q,指数型,76.84%,23.16%,3.60 亿,截至2025-06-30，鹏华恒生中国央企(QDII) 的基金机构持有2.92亿份，占总份额的76.84%，个人投资者持有0.88亿份，占总份额的23.16%,国央企
510170,国联安上证商品ETF,指数型,63.32%,36.68%,3.22 亿,截至2025-06-30，国联安上证商品ETF 的基金机构持有1.07亿份，占总份额的63.32%，个人投资者持有0.62亿份，占总份额的36.68%,商品
512680,广发中证军工ETF,指数型,87.73%,12.27%,59.72 亿,截至2025-06-30，广发中证军工ETF 的基金机构持有42.45亿份，占总份额的87.73%，个人投资者持有5.94亿份，占总份额的12.27%,军工
159819,易方达中证人工智能主,指数型,52.33%,47.67%,217.96 亿,截至2025-06-30，易方达中证人工智能主题ETF 的基金机构持有89.54亿份，占总份额的52.33%，个人投资者持有81.55亿份，占总份额的47.67%,人工智能
512960,博时央企结构调整ET,指数型,94.20%,0.26%,56.64 亿,截至2025-06-30，博时央企结构调整ETF 的基金机构持有37.89亿份，占总份额的94.20%，个人投资者持有0.10亿份，占总份额的0.26%,国央企
159920,华夏恒生ETF(QD,指数型,43.03%,25.12%,137.89 亿,截至2025-06-30，华夏恒生ETF(QDII) 的基金机构持有46.30亿份，占总份额的43.03%，个人投资者持有27.03亿份，占总份额的25.12%,QDII
561930,招商沪深300ETF,指数型,81.08%,18.92%,2.98 亿,截至2025-06-30，招商沪深300ETF 的基金机构持有2.56亿份，占总份额的81.08%，个人投资者持有0.60亿份，占总份额的18.92%,沪深300
159572,易方达创业板中盘20,指数型,84.42%,15.58%,3.95 亿,截至2025-06-30，易方达创业板中盘200ETF 的基金机构持有5.33亿份，占总份额的84.42%，个人投资者持有0.98亿份，占总份额的15.58%,创业板
589980,汇添富上证科创板10,指数型,89.30%,10.70%,3.57 亿,截至2025-06-30，汇添富上证科创板100ETF 的基金机构持有2.79亿份，占总份额的89.30%，个人投资者持有0.33亿份，占总份额的10.70%,科创板
512700,南方中证银行ETF,指数型,44.10%,8.71%,14.12 亿,截至2025-06-30，南方中证银行ETF 的基金机构持有4.16亿份，占总份额的44.10%，个人投资者持有0.82亿份，占总份额的8.71%,银行
159996,国泰中证全指家电ET,指数型,67.81%,21.89%,14.51 亿,截至2025-06-30，国泰中证全指家电ETF 的基金机构持有6.20亿份，占总份额的67.81%，个人投资者持有2.00亿份，占总份额的21.89%,家用电器
159570,汇添富国证港股通创新,指数型,80.04%,19.96%,214.88 亿,截至2025-06-30，汇添富国证港股通创新药ETF 的基金机构持有41.05亿份，占总份额的80.04%，个人投资者持有10.24亿份，占总份额的19.96%,创新药
563300,华泰柏瑞中证2000,指数型,56.53%,41.86%,26.75 亿,截至2025-06-30，华泰柏瑞中证2000ETF 的基金机构持有9.70亿份，占总份额的56.53%，个人投资者持有7.18亿份，占总份额的41.86%,中证2000
512660,国泰中证军工ETF,指数型,61.01%,38.99%,106.52 亿,截至2025-06-30，国泰中证军工ETF 的基金机构持有83.17亿份，占总份额的61.01%，个人投资者持有53.16亿份，占总份额的38.99%,军工
588900,南方上证科创板100,指数型,22.11%,16.56%,6.64 亿,截至2025-06-30，南方上证科创板100ETF 的基金机构持有0.75亿份，占总份额的22.11%，个人投资者持有0.56亿份，占总份额的16.56%,科创板
159545,易方达恒生港股通高股,指数型,71.73%,28.27%,75.73 亿,截至2025-06-30，易方达恒生港股通高股息低波动ETF 的基金机构持有11.58亿份，占总份额的71.73%，个人投资者持有4.56亿份，占总份额的28.27%,高股息
588030,博时上证科创板100,指数型,44.89%,43.29%,67.45 亿,截至2025-06-30，博时上证科创板100ETF 的基金机构持有27.95亿份，占总份额的44.89%，个人投资者持有26.96亿份，占总份额的43.29%,科创板
588220,鹏华上证科创板100,指数型,70.95%,29.05%,90.15 亿,截至2025-06-30，鹏华上证科创板100ETF 的基金机构持有38.03亿份，占总份额的70.95%，个人投资者持有15.57亿份，占总份额的29.05%,科创板
515890,博时红利ETF,指数型,44.42%,34.34%,4.49 亿,截至2025-06-30，博时红利ETF 的基金机构持有1.91亿份，占总份额的44.42%，个人投资者持有1.48亿份，占总份额的34.34%,红利
159333,万家中证港股通央企红,指数型,50.90%,27.73%,5.60 亿,截至2025-06-30，万家中证港股通央企红利ETF 的基金机构持有2.21亿份，占总份额的50.90%，个人投资者持有1.21亿份，占总份额的27.73%,红利
159681,鹏华创业板50ETF,指数型,67.76%,32.24%,21.43 亿,截至2025-06-30，鹏华创业板50ETF 的基金机构持有10.19亿份，占总份额的67.76%，个人投资者持有4.85亿份，占总份额的32.24%,创业板
588210,易方达上证科创板10,指数型,69.95%,30.05%,4.55 亿,截至2025-06-30，易方达上证科创板100ETF 的基金机构持有2.51亿份，占总份额的69.95%，个人投资者持有1.08亿份，占总份额的30.05%,科创板
512200,南方中证房地产ETF,指数型,56.12%,29.31%,46.79 亿,截至2025-06-30，南方中证房地产ETF 的基金机构持有25.73亿份，占总份额的56.12%，个人投资者持有13.44亿份，占总份额的29.31%,房地产
588800,华夏上证科创板100,指数型,43.32%,39.15%,26.04 亿,截至2025-06-30，华夏上证科创板100ETF 的基金机构持有14.73亿份，占总份额的43.32%，个人投资者持有13.31亿份，占总份额的39.15%,科创板
159378,永赢国证通用航空产业,指数型,79.37%,20.63%,7.56 亿,截至2025-06-30，永赢国证通用航空产业ETF 的基金机构持有6.57亿份，占总份额的79.37%，个人投资者持有1.71亿份，占总份额的20.63%,航空航天
515100,景顺长城红利低波动1,指数型,76.25%,15.62%,57.70 亿,截至2025-06-30，景顺长城红利低波动100ETF 的基金机构持有28.76亿份，占总份额的76.25%，个人投资者持有5.89亿份，占总份额的15.62%,红利
515180,易方达中证红利ETF,指数型,77.88%,22.12%,118.05 亿,截至2025-06-30，易方达中证红利ETF 的基金机构持有47.00亿份，占总份额的77.88%，个人投资者持有13.35亿份，占总份额的22.12%,红利
588050,工银瑞信上证科创板5,指数型,58.56%,41.44%,113.84 亿,截至2025-06-30，工银瑞信上证科创板50成份ETF 的基金机构持有66.01亿份，占总份额的58.56%，个人投资者持有46.70亿份，占总份额的41.44%,科创板
517900,招商中证银行AH价格,指数型,71.99%,28.01%,11.03 亿,截至2025-06-30，招商中证银行AH价格优选ETF 的基金机构持有3.02亿份，占总份额的71.99%，个人投资者持有1.17亿份，占总份额的28.01%,银行
588080,易方达上证科创板50,指数型,77.52%,22.48%,705.97 亿,截至2025-06-30，易方达上证科创板50ETF 的基金机构持有472.35亿份，占总份额的77.52%，个人投资者持有136.97亿份，占总份额的22.48%,科创板
513950,富国恒生港股通高股息,指数型,82.56%,17.44%,32.55 亿,截至2025-06-30，富国恒生港股通高股息低波动ETF(QDII) 的基金机构持有12.31亿份，占总份额的82.56%，个人投资者持有2.60亿份，占总份额的17.44%,高股息
159568,博时港股通互联网ET,指数型,50.93%,49.07%,4.24 亿,截至2025-06-30，博时港股通互联网ETF 的基金机构持有0.96亿份，占总份额的50.93%，个人投资者持有0.92亿份，占总份额的49.07%,互联网
159981,建信能源化工期货ET,指数型,69.50%,30.50%,15.95 亿,截至2025-06-30，建信能源化工期货ETF 的基金机构持有3.01亿份，占总份额的69.50%，个人投资者持有1.32亿份，占总份额的30.50%,化工
159330,东财沪深300ETF,指数型,71.97%,28.03%,5.58 亿,截至2025-06-30，东财沪深300ETF 的基金机构持有8.35亿份，占总份额的71.97%，个人投资者持有3.25亿份，占总份额的28.03%,沪深300
515450,南方红利低波50ET,指数型,12.83%,10.51%,150.39 亿,截至2025-06-30，南方红利低波50ETF 的基金机构持有8.87亿份，占总份额的12.83%，个人投资者持有7.27亿份，占总份额的10.51%,红利
159235,大成中证全指自由现金,指数型,73.41%,26.59%,21.51 亿,截至2025-06-30，大成中证全指自由现金流ETF 的基金机构持有2.89亿份，占总份额的73.41%，个人投资者持有1.05亿份，占总份额的26.59%,自由现金流
563390,华泰柏瑞中证全指自由,指数型,50.65%,49.35%,6.71 亿,截至2025-06-30，华泰柏瑞中证全指自由现金流ETF 的基金机构持有1.25亿份，占总份额的50.65%，个人投资者持有1.21亿份，占总份额的49.35%,自由现金流
588720,中银上证科创板50E,指数型,86.21%,13.79%,2.23 亿,截至2025-06-30，中银上证科创板50ETF 的基金机构持有2.99亿份，占总份额的86.21%，个人投资者持有0.48亿份，占总份额的13.79%,科创板
589770,招商上证科创板综合E,指数型,69.49%,30.51%,3.39 亿,截至2025-06-30，招商上证科创板综合ETF 的基金机构持有4.92亿份，占总份额的69.49%，个人投资者持有2.16亿份，占总份额的30.51%,科创板
561550,华泰柏瑞中证500增,指数型,58.79%,41.21%,16.91 亿,截至2025-06-30，华泰柏瑞中证500增强策略ETF 的基金机构持有4.39亿份，占总份额的58.79%，个人投资者持有3.08亿份，占总份额的41.21%,中证500
159869,华夏中证动漫游戏ET,指数型,37.46%,22.82%,126.11 亿,截至2025-06-30，华夏中证动漫游戏ETF 的基金机构持有20.72亿份，占总份额的37.46%，个人投资者持有12.62亿份，占总份额的22.82%,动漫游戏
589800,易方达上证科创板综合,指数型,68.17%,31.83%,16.01 亿,截至2025-06-30，易方达上证科创板综合ETF 的基金机构持有16.88亿份，占总份额的68.17%，个人投资者持有7.88亿份，占总份额的31.83%,科创板
515290,天弘中证银行ETF,指数型,11.52%,3.11%,55.32 亿,截至2025-06-30，天弘中证银行ETF 的基金机构持有3.96亿份，占总份额的11.52%，个人投资者持有1.07亿份，占总份额的3.11%,银行
589880,建信上证科创板综合E,指数型,80.81%,19.19%,5.99 亿,截至2025-06-30，建信上证科创板综合ETF 的基金机构持有10.26亿份，占总份额的80.81%，个人投资者持有2.44亿份，占总份额的19.19%,科创板
159691,工银瑞信中证港股通高,指数型,92.85%,7.15%,84.35 亿,截至2025-06-30，工银瑞信中证港股通高股息精选ETF 的基金机构持有49.40亿份，占总份额的92.85%，个人投资者持有3.80亿份，占总份额的7.15%,高股息
516010,国泰中证动漫游戏ET,指数型,44.34%,22.15%,32.50 亿,截至2025-06-30，国泰中证动漫游戏ETF 的基金机构持有7.44亿份，占总份额的44.34%，个人投资者持有3.72亿份，占总份额的22.15%,动漫游戏
159726,华夏恒生港股通中国内,指数型,61.06%,16.57%,4.96 亿,截至2025-06-30，华夏恒生港股通中国内地企业高股息率ETF 的基金机构持有2.54亿份，占总份额的61.06%，个人投资者持有0.69亿份，占总份额的16.57%,高股息
589680,鹏华科创板综合ETF,指数型,74.63%,25.37%,14.95 亿,截至2025-06-30，鹏华科创板综合ETF 的基金机构持有16.49亿份，占总份额的74.63%，个人投资者持有5.61亿份，占总份额的25.37%,科创板
510380,国寿安保沪深300E,指数型,99.78%,0.22%,22.99 亿,截至2025-06-30，国寿安保沪深300ETF 的基金机构持有14.17亿份，占总份额的99.78%，个人投资者持有0.03亿份，占总份额的0.22%,沪深300
512820,汇添富中证银行ETF,指数型,72.29%,27.71%,8.96 亿,截至2025-06-30，汇添富中证银行ETF 的基金机构持有4.57亿份，占总份额的72.29%，个人投资者持有1.75亿份，占总份额的27.71%,银行
563760,中银中证全指自由现金,指数型,51.12%,48.88%,11.78 亿,截至2025-05-28，中银中证全指自由现金流ETF 的基金机构持有1.98亿份，占总份额的51.12%，个人投资者持有1.90亿份，占总份额的48.88%,自由现金流
159380,A500ETF东财,指数型,96.85%,3.15%,3.40 亿,截至2025-06-30，A500ETF东财 的基金机构持有8.36亿份，占总份额的96.85%，个人投资者持有0.27亿份，占总份额的3.15%,中证500
563350,华泰柏瑞中证A50E,指数型,58.36%,29.25%,3.47 亿,截至2025-06-30，华泰柏瑞中证A50ETF 的基金机构持有2.95亿份，占总份额的58.36%，个人投资者持有1.48亿份，占总份额的29.25%,中证A50
159586,南方中证全指计算机E,指数型,19.42%,10.50%,2.77 亿,截至2025-06-30，南方中证全指计算机ETF 的基金机构持有0.54亿份，占总份额的19.42%，个人投资者持有0.29亿份，占总份额的10.50%,计算机
159379,融通中证A500ET,指数型,94.10%,5.90%,2.64 亿,截至2025-06-30，融通中证A500ETF 的基金机构持有3.39亿份，占总份额的94.10%，个人投资者持有0.21亿份，占总份额的5.90%,中证500
512580,广发中证环保ETF,指数型,73.35%,26.65%,12.73 亿,截至2025-06-30，广发中证环保ETF 的基金机构持有9.25亿份，占总份额的73.35%，个人投资者持有3.36亿份，占总份额的26.65%,环保
515300,嘉实沪深300红利低,指数型,94.11%,5.89%,46.70 亿,截至2025-06-30，嘉实沪深300红利低波动ETF 的基金机构持有37.33亿份，占总份额的94.11%，个人投资者持有2.34亿份，占总份额的5.89%,红利
516110,国泰中证800汽车与,指数型,71.10%,20.74%,5.92 亿,截至2025-06-30，国泰中证800汽车与零部件ETF 的基金机构持有2.19亿份，占总份额的71.10%，个人投资者持有0.64亿份，占总份额的20.74%,汽车零部件
560750,申万菱信中证A500,指数型,91.02%,8.98%,2.95 亿,截至2025-06-30，申万菱信中证A500ETF 的基金机构持有0.91亿份，占总份额的91.02%，个人投资者持有0.09亿份，占总份额的8.98%,中证500
515330,天弘沪深300ETF,指数型,17.46%,1.44%,81.80 亿,截至2025-06-30，天弘沪深300ETF 的基金机构持有15.72亿份，占总份额的17.46%，个人投资者持有1.30亿份，占总份额的1.44%,沪深300
563080,易方达中证A50ET,指数型,92.36%,7.64%,19.95 亿,截至2025-06-30，易方达中证A50ETF 的基金机构持有25.11亿份，占总份额的92.36%，个人投资者持有2.08亿份，占总份额的7.64%,中证A50
562890,嘉实中证A50ETF,指数型,82.16%,17.84%,3.28 亿,截至2025-06-30，嘉实中证A50ETF 的基金机构持有2.95亿份，占总份额的82.16%，个人投资者持有0.64亿份，占总份额的17.84%,中证A50
159625,嘉实国证绿色电力ET,指数型,73.30%,26.70%,13.80 亿,截至2025-06-30，嘉实国证绿色电力ETF 的基金机构持有2.09亿份，占总份额的73.30%，个人投资者持有0.76亿份，占总份额的26.70%,电力
512080,中金中证A500ET,指数型,96.55%,3.45%,11.66 亿,截至2025-06-30，中金中证A500ETF 的基金机构持有14.10亿份，占总份额的96.55%，个人投资者持有0.50亿份，占总份额的3.45%,中证500
159593,平安中证A50ETF,指数型,92.25%,7.75%,55.97 亿,截至2025-06-30，平安中证A50ETF 的基金机构持有53.61亿份，占总份额的92.25%，个人投资者持有4.50亿份，占总份额的7.75%,中证A50
513070,易方达中证港股通消费,指数型,87.14%,12.86%,8.24 亿,截至2025-06-30，易方达中证港股通消费主题ETF 的基金机构持有4.22亿份，占总份额的87.14%，个人投资者持有0.62亿份，占总份额的12.86%,消费
159595,大成中证A50ETF,指数型,93.66%,6.34%,24.56 亿,截至2025-06-30，大成中证A50ETF 的基金机构持有33.73亿份，占总份额的93.66%，个人投资者持有2.28亿份，占总份额的6.34%,中证A50
510230,国泰上证180金融E,指数型,77.78%,4.46%,46.83 亿,截至2025-06-30，国泰上证180金融ETF 的基金机构持有27.88亿份，占总份额的77.78%，个人投资者持有1.60亿份，占总份额的4.46%,金融
159591,富国中证A50ETF,指数型,78.03%,21.97%,6.41 亿,截至2025-06-30，富国中证A50ETF 的基金机构持有6.54亿份，占总份额的78.03%，个人投资者持有1.84亿份，占总份额的21.97%,中证A50
159360,天弘中证A500ET,指数型,13.02%,5.86%,18.54 亿,截至2025-06-30，天弘中证A500ETF 的基金机构持有3.73亿份，占总份额的13.02%，个人投资者持有1.68亿份，占总份额的5.86%,中证500
159358,大成中证A500ET,指数型,95.17%,4.83%,16.75 亿,截至2025-06-30，大成中证A500ETF 的基金机构持有22.55亿份，占总份额的95.17%，个人投资者持有1.14亿份，占总份额的4.83%,中证500
159506,富国恒生港股通创新药,指数型,84.24%,15.76%,31.38 亿,截至2025-06-30，富国恒生港股通创新药及医疗保健ETF 的基金机构持有14.86亿份，占总份额的84.24%，个人投资者持有2.78亿份，占总份额的15.76%,医药
561580,华泰柏瑞中证中央企业,指数型,49.67%,35.24%,10.21 亿,截至2025-06-30，华泰柏瑞中证中央企业红利ETF 的基金机构持有2.13亿份，占总份额的49.67%，个人投资者持有1.51亿份，占总份额的35.24%,红利
159362,工银中证A500ET,指数型,91.98%,8.02%,15.04 亿,截至2025-06-30，工银中证A500ETF 的基金机构持有20.47亿份，占总份额的91.98%，个人投资者持有1.79亿份，占总份额的8.02%,中证500
159215,平安中证A500ET,指数型,89.01%,10.99%,18.66 亿,截至2025-06-30，平安中证A500ETF 的基金机构持有17.77亿份，占总份额的89.01%，个人投资者持有2.19亿份，占总份额的10.99%,中证500
159386,永赢中证A500ET,指数型,97.32%,2.68%,2.05 亿,截至2025-06-30，永赢中证A500ETF 的基金机构持有5.21亿份，占总份额的97.32%，个人投资者持有0.14亿份，占总份额的2.68%,中证500
561100,富国中证消费电子主题,指数型,79.23%,20.77%,8.18 亿,截至2025-06-30，富国中证消费电子主题ETF 的基金机构持有4.13亿份，占总份额的79.23%，个人投资者持有1.08亿份，占总份额的20.77%,消费
563360,华泰柏瑞中证A500,指数型,83.38%,8.82%,494.50 亿,截至2025-06-30，华泰柏瑞中证A500ETF 的基金机构持有184.17亿份，占总份额的83.38%，个人投资者持有19.48亿份，占总份额的8.82%,中证500
159592,银华中证A50ETF,指数型,91.96%,8.04%,17.45 亿,截至2025-06-30，银华中证A50ETF 的基金机构持有19.88亿份，占总份额的91.96%，个人投资者持有1.74亿份，占总份额的8.04%,中证A50
512020,鹏华中证A500ET,指数型,91.77%,8.23%,22.25 亿,截至2025-06-30，鹏华中证A500ETF 的基金机构持有32.48亿份，占总份额的91.77%，个人投资者持有2.91亿份，占总份额的8.23%,中证500
159336,融通中证诚通央企红利,指数型,93.28%,6.72%,6.83 亿,截至2025-06-30，融通中证诚通央企红利ETF 的基金机构持有2.29亿份，占总份额的93.28%，个人投资者持有0.17亿份，占总份额的6.72%,红利
159359,华安中证A500ET,指数型,90.34%,9.66%,9.22 亿,截至2025-06-30，华安中证A500ETF 的基金机构持有22.22亿份，占总份额的90.34%，个人投资者持有2.37亿份，占总份额的9.66%,中证500
563860,海富通中证A500E,指数型,97.17%,2.83%,4.05 亿,截至2025-06-30，海富通中证A500ETF 的基金机构持有8.83亿份，占总份额的97.17%，个人投资者持有0.26亿份，占总份额的2.83%,中证500
515800,添富中证800ETF,指数型,96.14%,3.86%,53.70 亿,截至2025-06-30，添富中证800ETF 的基金机构持有45.18亿份，占总份额的96.14%，个人投资者持有1.81亿份，占总份额的3.86%,宽基
159357,博时中证A500ET,指数型,24.81%,9.34%,20.63 亿,截至2025-06-30，博时中证A500ETF 的基金机构持有8.75亿份，占总份额的24.81%，个人投资者持有3.30亿份，占总份额的9.34%,中证500
515010,华夏中证全指证券公司,指数型,30.03%,25.25%,19.62 亿,截至2025-06-30，华夏中证全指证券公司ETF 的基金机构持有3.03亿份，占总份额的30.03%，个人投资者持有2.55亿份，占总份额的25.25%,证券
159356,万家中证A500ET,指数型,53.36%,3.65%,17.59 亿,截至2025-06-30，万家中证A500ETF 的基金机构持有23.93亿份，占总份额的53.36%，个人投资者持有1.64亿份，占总份额的3.65%,中证500
513820,汇添富中证港股通高股,指数型,81.32%,18.68%,45.70 亿,截至2025-06-30，汇添富中证港股通高股息投资ETF 的基金机构持有20.57亿份，占总份额的81.32%，个人投资者持有4.73亿份，占总份额的18.68%,高股息
516310,易方达中证银行ETF,指数型,92.48%,7.52%,26.30 亿,截至2025-06-30，易方达中证银行ETF 的基金机构持有13.02亿份，占总份额的92.48%，个人投资者持有1.06亿份，占总份额的7.52%,银行
516350,易方达中证芯片产业E,指数型,56.02%,43.98%,13.04 亿,截至2025-06-30，易方达中证芯片产业ETF 的基金机构持有6.77亿份，占总份额的56.02%，个人投资者持有5.31亿份，占总份额的43.98%,芯片
561230,工银瑞信中证A50E,指数型,93.48%,6.52%,8.91 亿,截至2025-06-30，工银瑞信中证A50ETF 的基金机构持有13.07亿份，占总份额的93.48%，个人投资者持有0.91亿份，占总份额的6.52%,中证A50
563900,摩根沪深300自由现,指数型,80.06%,19.94%,4.54 亿,截至2025-06-30，摩根沪深300自由现金流ETF 的基金机构持有1.06亿份，占总份额的80.06%，个人投资者持有0.27亿份，占总份额的19.94%,自由现金流
159352,南方中证A500ET,指数型,70.74%,6.95%,480.14 亿,截至2025-06-30，南方中证A500ETF 的基金机构持有123.60亿份，占总份额的70.74%，个人投资者持有12.15亿份，占总份额的6.95%,中证500
563220,富国中证A500ET,指数型,94.20%,5.80%,142.51 亿,截至2025-06-30，富国中证A500ETF 的基金机构持有130.89亿份，占总份额的94.20%，个人投资者持有8.06亿份，占总份额的5.80%,中证500
562970,易方达中证光伏产业E,指数型,53.66%,46.34%,6.08 亿,截至2025-06-30，易方达中证光伏产业ETF 的基金机构持有1.01亿份，占总份额的53.66%，个人投资者持有0.87亿份，占总份额的46.34%,新能源
563880,汇添富中证A500E,指数型,92.29%,7.71%,32.74 亿,截至2025-06-30，汇添富中证A500ETF 的基金机构持有53.23亿份，占总份额的92.29%，个人投资者持有4.45亿份，占总份额的7.71%,中证500
159673,鹏华沪深300ETF,指数型,97.47%,2.53%,23.43 亿,截至2025-06-30，鹏华沪深300ETF 的基金机构持有26.18亿份，占总份额的97.47%，个人投资者持有0.68亿份，占总份额的2.53%,沪深300
516970,广发中证基建工程ET,指数型,85.79%,14.21%,19.71 亿,截至2025-06-30，广发中证基建工程ETF 的基金机构持有17.93亿份，占总份额的85.79%，个人投资者持有2.97亿份，占总份额的14.21%,基建
512720,国泰中证计算机ETF,指数型,53.39%,28.33%,8.01 亿,截至2025-06-30，国泰中证计算机ETF 的基金机构持有6.53亿份，占总份额的53.39%，个人投资者持有3.47亿份，占总份额的28.33%,计算机
159361,易方达中证A500E,指数型,92.09%,7.91%,338.63 亿,截至2025-06-30，易方达中证A500ETF 的基金机构持有128.51亿份，占总份额的92.09%，个人投资者持有11.04亿份，占总份额的7.91%,中证500
560700,广发中证国新央企股东,指数型,81.56%,18.44%,4.75 亿,截至2025-06-30，广发中证国新央企股东回报ETF 的基金机构持有5.82亿份，占总份额的81.56%，个人投资者持有1.32亿份，占总份额的18.44%,国央企
560350,摩根中证A50ETF,指数型,60.07%,27.58%,20.57 亿,截至2025-06-30，摩根中证A50ETF 的基金机构持有13.87亿份，占总份额的60.07%，个人投资者持有6.37亿份，占总份额的27.58%,中证A50
510320,中金沪深300ETF,指数型,95.94%,4.06%,5.17 亿,截至2025-06-30，中金沪深300ETF 的基金机构持有4.47亿份，占总份额的95.94%，个人投资者持有0.19亿份，占总份额的4.06%,沪深300
562950,易方达中证消费电子主,指数型,87.92%,12.08%,11.08 亿,截至2025-06-30，易方达中证消费电子主题ETF 的基金机构持有3.11亿份，占总份额的87.92%，个人投资者持有0.43亿份，占总份额的12.08%,消费
159353,景顺长城中证A500,指数型,52.48%,6.31%,51.11 亿,截至2025-06-30，景顺长城中证A500ETF 的基金机构持有61.67亿份，占总份额的52.48%，个人投资者持有7.42亿份，占总份额的6.31%,中证500
560530,摩根中证A500ET,指数型,49.22%,15.53%,45.86 亿,截至2025-06-30，摩根中证A500ETF 的基金机构持有36.45亿份，占总份额的49.22%，个人投资者持有11.50亿份，占总份额的15.53%,中证500
159339,银华中证A500ET,指数型,84.52%,15.48%,32.72 亿,截至2025-06-30，银华中证A500ETF 的基金机构持有53.57亿份，占总份额的84.52%，个人投资者持有9.81亿份，占总份额的15.48%,中证500
560810,融通中证诚通央企ES,指数型,82.38%,17.62%,8.97 亿,截至2025-06-30，融通中证诚通央企ESGETF 的基金机构持有4.21亿份，占总份额的82.38%，个人投资者持有0.90亿份，占总份额的17.62%,国央企
512390,平安MSCI中国A股,指数型,99.61%,0.39%,2.04 亿,截至2025-06-30，平安MSCI中国A股ETF 的基金机构持有1.65亿份，占总份额的99.61%，个人投资者持有0.01亿份，占总份额的0.39%,MSCI
159351,嘉实中证A500ET,指数型,95.96%,4.04%,105.89 亿,截至2025-06-30，嘉实中证A500ETF 的基金机构持有172.26亿份，占总份额的95.96%，个人投资者持有7.25亿份，占总份额的4.04%,中证500
516950,银华中证基建ETF,指数型,56.09%,43.91%,2.83 亿,截至2025-06-30，银华中证基建ETF 的基金机构持有2.44亿份，占总份额的56.09%，个人投资者持有1.91亿份，占总份额的43.91%,基建
159338,国泰中证A500ET,指数型,59.77%,33.98%,373.59 亿,截至2025-06-30，国泰中证A500ETF 的基金机构持有113.65亿份，占总份额的59.77%，个人投资者持有64.61亿份，占总份额的33.98%,中证500
515220,国泰中证煤炭ETF,指数型,45.62%,30.13%,86.40 亿,截至2025-06-30，国泰中证煤炭ETF 的基金机构持有19.42亿份，占总份额的45.62%，个人投资者持有12.83亿份，占总份额的30.13%,煤炭
159217,工银国证港股通创新药,指数型,95.73%,4.27%,47.51 亿,截至2025-06-30，工银国证港股通创新药ETF 的基金机构持有36.02亿份，占总份额的95.73%，个人投资者持有1.61亿份，占总份额的4.27%,创新药
563800,广发中证A500ET,指数型,94.08%,5.92%,216.25 亿,截至2025-06-30，广发中证A500ETF 的基金机构持有180.00亿份，占总份额的94.08%，个人投资者持有11.33亿份，占总份额的5.92%,中证500
512050,华夏中证A500ET,指数型,61.79%,11.74%,420.34 亿,截至2025-06-30，华夏中证A500ETF 的基金机构持有102.19亿份，占总份额的61.79%，个人投资者持有19.41亿份，占总份额的11.74%,中证500
159549,天弘中证红利低波动1,指数型,1.21%,0.91%,50.17 亿,截至2025-06-30，天弘中证红利低波动100ETF 的基金机构持有0.41亿份，占总份额的1.21%，个人投资者持有0.30亿份，占总份额的0.91%,红利
513260,汇添富恒生科技ETF,指数型,61.07%,38.93%,71.75 亿,截至2025-06-30，汇添富恒生科技ETF(QDII) 的基金机构持有19.54亿份，占总份额的61.07%，个人投资者持有12.46亿份，占总份额的38.93%,QDII
159940,广发中证全指金融地产,指数型,93.16%,6.84%,6.55 亿,截至2025-06-30，广发中证全指金融地产ETF 的基金机构持有7.44亿份，占总份额的93.16%，个人投资者持有0.55亿份，占总份额的6.84%,金融
159547,华夏中证红利低波动E,指数型,20.92%,10.55%,8.97 亿,截至2025-06-30，华夏中证红利低波动ETF 的基金机构持有0.48亿份，占总份额的20.92%，个人投资者持有0.24亿份，占总份额的10.55%,红利
562960,易方达中证绿色电力E,指数型,85.45%,14.55%,2.11 亿,截至2025-06-30，易方达中证绿色电力ETF 的基金机构持有0.63亿份，占总份额的85.45%，个人投资者持有0.11亿份，占总份额的14.55%,电力
159312,广发恒指港股通ETF,指数型,58.27%,41.73%,2.53 亿,截至2025-06-30，广发恒指港股通ETF 的基金机构持有0.27亿份，占总份额的58.27%，个人投资者持有0.19亿份，占总份额的41.73%,国际
560610,招商中证A500ET,指数型,80.98%,19.02%,56.64 亿,截至2025-06-30，招商中证A500ETF 的基金机构持有73.16亿份，占总份额的80.98%，个人投资者持有17.19亿份，占总份额的19.02%,中证500
560510,泰康中证A500ET,指数型,86.57%,13.43%,35.05 亿,截至2025-06-30，泰康中证A500ETF 的基金机构持有55.86亿份，占总份额的86.57%，个人投资者持有8.66亿份，占总份额的13.43%,中证500
560090,汇添富中证全指证券公,指数型,73.03%,26.97%,35.05 亿,截至2025-06-30，汇添富中证全指证券公司ETF 的基金机构持有14.82亿份，占总份额的73.03%，个人投资者持有5.47亿份，占总份额的26.97%,证券
563020,易方达中证红利低波动,指数型,51.00%,49.00%,47.17 亿,截至2025-06-30，易方达中证红利低波动ETF 的基金机构持有8.66亿份，占总份额的51.00%，个人投资者持有8.33亿份，占总份额的49.00%,红利
159390,国联中证A50ETF,指数型,72.38%,12.66%,2.95 亿,截至2025-06-30，国联中证A50ETF 的基金机构持有2.10亿份，占总份额的72.38%，个人投资者持有0.37亿份，占总份额的12.66%,中证A50
513040,易方达中证港股通互联,指数型,72.52%,27.48%,79.08 亿,截至2025-06-30，易方达中证港股通互联网ETF 的基金机构持有3.70亿份，占总份额的72.52%，个人投资者持有1.40亿份，占总份额的27.48%,互联网
513120,广发中证香港创新药E,指数型,58.60%,41.40%,234.03 亿,截至2025-06-30，广发中证香港创新药ETF(QDII) 的基金机构持有69.43亿份，占总份额的58.60%，个人投资者持有49.06亿份，占总份额的41.40%,创新药
530680,兴业上证180ETF,指数型,85.40%,14.60%,2.59 亿,截至2025-06-30，兴业上证180ETF 的基金机构持有4.00亿份，占总份额的85.40%，个人投资者持有0.68亿份，占总份额的14.60%,上证180
516570,易方达中证石化产业E,指数型,81.43%,18.57%,2.03 亿,截至2025-06-30，易方达中证石化产业ETF 的基金机构持有0.70亿份，占总份额的81.43%，个人投资者持有0.16亿份，占总份额的18.57%,能源
563520,沪深300ETF永赢,指数型,83.78%,16.22%,5.02 亿,截至2025-06-30，沪深300ETF永赢 的基金机构持有8.35亿份，占总份额的83.78%，个人投资者持有1.62亿份，占总份额的16.22%,沪深300
513690,博时恒生高股息ETF,指数型,86.44%,5.59%,55.26 亿,截至2025-06-30，博时恒生高股息ETF 的基金机构持有35.23亿份，占总份额的86.44%，个人投资者持有2.28亿份，占总份额的5.59%,高股息
159148,富国国证石油天然气E,指数型,70.20%,29.80%,2.10 亿,截至2026-02-04，富国国证石油天然气ETF 的基金机构持有1.48亿份，占总份额的70.20%，个人投资者持有0.63亿份，占总份额的29.80%,能源
512890,华泰柏瑞中证红利低波,指数型,36.33%,18.54%,267.54 亿,截至2025-06-30，华泰柏瑞中证红利低波ETF 的基金机构持有57.45亿份，占总份额的36.33%，个人投资者持有29.31亿份，占总份额的18.54%,红利
159207,广发中证智选高股息策,指数型,54.10%,45.90%,4.57 亿,截至2025-06-30，广发中证智选高股息策略ETF 的基金机构持有1.90亿份，占总份额的54.10%，个人投资者持有1.61亿份，占总份额的45.90%,高股息
159732,华夏国证消费电子主题,指数型,57.93%,32.46%,30.20 亿,截至2025-06-30，华夏国证消费电子主题ETF 的基金机构持有13.92亿份，占总份额的57.93%，个人投资者持有7.80亿份，占总份额的32.46%,消费
560150,泰康中证红利低波动E,指数型,97.46%,2.54%,8.57 亿,截至2025-06-30，泰康中证红利低波动ETF 的基金机构持有6.78亿份，占总份额的97.46%，个人投资者持有0.18亿份，占总份额的2.54%,红利
560170,南方中证国新央企科技,指数型,63.36%,34.68%,13.46 亿,截至2025-06-30，南方中证国新央企科技引领ETF 的基金机构持有10.36亿份，占总份额的63.36%，个人投资者持有5.67亿份，占总份额的34.68%,国央企
515250,富国中证智能汽车主题,指数型,57.98%,42.02%,6.80 亿,截至2025-06-30，富国中证智能汽车主题ETF 的基金机构持有4.30亿份，占总份额的57.98%，个人投资者持有3.11亿份，占总份额的42.02%,汽车
159656,万家沪深300成长E,指数型,46.16%,37.99%,2.42 亿,截至2025-06-30，万家沪深300成长ETF 的基金机构持有0.72亿份，占总份额的46.16%，个人投资者持有0.59亿份，占总份额的37.99%,沪深300
520900,广发中证国新港股通央,指数型,87.34%,12.66%,19.44 亿,截至2025-06-30，广发中证国新港股通央企红利ETF 的基金机构持有17.64亿份，占总份额的87.34%，个人投资者持有2.56亿份，占总份额的12.66%,国央企
512570,易方达中证全指证券公,指数型,86.90%,13.10%,22.94 亿,截至2025-06-30，易方达中证全指证券公司ETF 的基金机构持有9.60亿份，占总份额的86.90%，个人投资者持有1.45亿份，占总份额的13.10%,证券
159611,广发中证全指电力公用,指数型,69.43%,30.57%,36.90 亿,截至2025-06-30，广发中证全指电力公用事业ETF 的基金机构持有23.74亿份，占总份额的69.43%，个人投资者持有10.45亿份，占总份额的30.57%,电力
513550,华泰柏瑞中证港股通5,指数型,80.23%,19.77%,26.80 亿,截至2025-06-30，华泰柏瑞中证港股通50ETF 的基金机构持有17.31亿份，占总份额的80.23%，个人投资者持有4.27亿份，占总份额的19.77%,宽基
159971,富国创业板ETF,指数型,90.21%,9.79%,20.80 亿,截至2025-06-30，富国创业板ETF 的基金机构持有14.92亿份，占总份额的90.21%，个人投资者持有1.62亿份，占总份额的9.79%,创业板
520660,南方中证国新港股通央,指数型,77.10%,18.63%,27.95 亿,截至2025-06-30，南方中证国新港股通央企红利ETF 的基金机构持有8.63亿份，占总份额的77.10%，个人投资者持有2.09亿份，占总份额的18.63%,国央企
516660,华安中证新能源汽车E,指数型,63.36%,36.64%,2.94 亿,截至2025-06-30，华安中证新能源汽车ETF 的基金机构持有2.53亿份，占总份额的63.36%，个人投资者持有1.46亿份，占总份额的36.64%,汽车
159525,富国中证红利低波动E,指数型,60.37%,39.63%,3.39 亿,截至2025-06-30，富国中证红利低波动ETF 的基金机构持有1.37亿份，占总份额的60.37%，个人投资者持有0.90亿份，占总份额的39.63%,红利
520990,景顺长城中证国新港股,指数型,83.48%,9.27%,56.81 亿,截至2025-06-30，景顺长城中证国新港股通央企红利ETF 的基金机构持有40.49亿份，占总份额的83.48%，个人投资者持有4.50亿份，占总份额的9.27%,国央企
510900,易方达恒生国企(QD,指数型,72.14%,27.86%,78.70 亿,截至2025-06-30，易方达恒生国企(QDII-ETF) 的基金机构持有58.28亿份，占总份额的72.14%，个人投资者持有22.50亿份，占总份额的27.86%,国央企
515880,国泰中证全指通信设备,指数型,49.09%,27.41%,136.38 亿,截至2025-06-30，国泰中证全指通信设备ETF 的基金机构持有9.12亿份，占总份额的49.09%，个人投资者持有5.09亿份，占总份额的27.41%,通信
512980,广发中证传媒ETF,指数型,70.54%,29.46%,26.43 亿,截至2025-06-30，广发中证传媒ETF 的基金机构持有21.09亿份，占总份额的70.54%，个人投资者持有8.81亿份，占总份额的29.46%,传媒
516200,华安中证全指证券公司,指数型,89.84%,10.16%,3.78 亿,截至2025-06-30，华安中证全指证券公司ETF 的基金机构持有3.16亿份，占总份额的89.84%，个人投资者持有0.36亿份，占总份额的10.16%,证券
159842,银华中证全指证券公司,指数型,50.82%,49.18%,105.86 亿,截至2025-06-30，银华中证全指证券公司ETF 的基金机构持有12.86亿份，占总份额的50.82%，个人投资者持有12.44亿份，占总份额的49.18%,证券
159755,广发国证新能源车电池,指数型,56.43%,43.57%,140.86 亿,截至2025-06-30，广发国证新能源车电池ETF 的基金机构持有26.19亿份，占总份额的56.43%，个人投资者持有20.22亿份，占总份额的43.57%,新能源
159998,天弘中证计算机ETF,指数型,39.02%,10.39%,23.61 亿,截至2025-06-30，天弘中证计算机ETF 的基金机构持有14.32亿份，占总份额的39.02%，个人投资者持有3.81亿份，占总份额的10.39%,计算机
561990,招商沪深300增强策,指数型,61.15%,38.85%,6.33 亿,截至2025-06-30，招商沪深300增强策略ETF 的基金机构持有4.74亿份，占总份额的61.15%，个人投资者持有3.01亿份，占总份额的38.85%,沪深300
563000,易方达MSCI中国A,指数型,58.42%,41.58%,26.17 亿,截至2025-06-30，易方达MSCI中国A50互联互通ETF 的基金机构持有27.26亿份，占总份额的58.42%，个人投资者持有19.40亿份，占总份额的41.58%,MSCI
513230,华夏中证港股通消费主,指数型,46.37%,29.64%,3.27 亿,截至2025-06-30，华夏中证港股通消费主题ETF 的基金机构持有1.59亿份，占总份额的46.37%，个人投资者持有1.02亿份，占总份额的29.64%,消费
560570,国联安中证A500红,指数型,98.93%,1.07%,16.57 亿,截至2025-09-11，国联安中证A500红利低波ETF 的基金机构持有12.33亿份，占总份额的98.93%，个人投资者持有0.13亿份，占总份额的1.07%,红利
513200,易方达中证港股通医药,指数型,86.83%,13.17%,17.97 亿,截至2025-06-30，易方达中证港股通医药卫生综合ETF 的基金机构持有20.01亿份，占总份额的86.83%，个人投资者持有3.03亿份，占总份额的13.17%,医药
159699,广发恒生消费(QDI,指数型,67.65%,32.35%,11.73 亿,截至2025-06-30，广发恒生消费(QDII-ETF) 的基金机构持有7.52亿份，占总份额的67.65%，个人投资者持有3.60亿份，占总份额的32.35%,消费
560080,汇添富中证中药ETF,指数型,60.18%,39.82%,24.52 亿,截至2025-06-30，汇添富中证中药ETF 的基金机构持有10.39亿份，占总份额的60.18%，个人投资者持有6.87亿份，占总份额的39.82%,中药
560050,汇添富MSCI中国A,指数型,61.51%,38.49%,40.40 亿,截至2025-06-30，汇添富MSCI中国A50互联互通ETF 的基金机构持有32.46亿份，占总份额的61.51%，个人投资者持有20.31亿份，占总份额的38.49%,MSCI
512670,鹏华中证国防ETF,指数型,63.21%,36.79%,37.27 亿,截至2025-06-30，鹏华中证国防ETF 的基金机构持有46.13亿份，占总份额的63.21%，个人投资者持有26.85亿份，占总份额的36.79%,军工
516020,华宝化工ETF,指数型,61.26%,38.74%,37.93 亿,截至2025-06-30，华宝化工ETF 的基金机构持有4.43亿份，占总份额的61.26%，个人投资者持有2.80亿份，占总份额的38.74%,化工
561300,国泰沪深300增强策,指数型,69.81%,28.60%,6.50 亿,截至2025-06-30，国泰沪深300增强策略ETF 的基金机构持有12.22亿份，占总份额的69.81%，个人投资者持有5.01亿份，占总份额的28.60%,沪深300
588700,嘉实上证科创板生物医,指数型,52.12%,47.88%,2.51 亿,截至2025-06-30，嘉实上证科创板生物医药ETF 的基金机构持有1.04亿份，占总份额的52.12%，个人投资者持有0.96亿份，占总份额的47.88%,生物医药
517330,易方达中证长江保护主,指数型,99.76%,0.24%,16.71 亿,截至2025-06-30，易方达中证长江保护主题ETF 的基金机构持有18.22亿份，占总份额的99.76%，个人投资者持有0.04亿份，占总份额的0.24%,环保
517160,南方中证长江保护主题,指数型,98.34%,0.20%,16.52 亿,截至2025-06-30，南方中证长江保护主题ETF 的基金机构持有18.08亿份，占总份额的98.34%，个人投资者持有0.04亿份，占总份额的0.20%,环保
159954,南方恒生中国企业ET,指数型,26.44%,16.18%,3.37 亿,截至2025-06-30，南方恒生中国企业ETF 的基金机构持有1.12亿份，占总份额的26.44%，个人投资者持有0.68亿份，占总份额的16.18%,国央企
513970,景顺长城恒生消费ET,指数型,46.01%,33.32%,29.35 亿,截至2025-06-30，景顺长城恒生消费ETF(QDII) 的基金机构持有7.95亿份，占总份额的46.01%，个人投资者持有5.76亿份，占总份额的33.32%,消费
159796,汇添富中证电池主题E,指数型,77.59%,22.41%,93.91 亿,截至2025-06-30，汇添富中证电池主题ETF 的基金机构持有13.94亿份，占总份额的77.59%，个人投资者持有4.03亿份，占总份额的22.41%,新能源
159268,汇添富国证港股通消费,指数型,85.50%,14.50%,7.29 亿,截至2025-07-14，汇添富国证港股通消费主题ETF 的基金机构持有1.95亿份，占总份额的85.50%，个人投资者持有0.33亿份，占总份额的14.50%,消费
513590,鹏华中证港股通消费主,指数型,50.54%,49.46%,2.29 亿,截至2025-06-30，鹏华中证港股通消费主题ETF 的基金机构持有1.97亿份，占总份额的50.54%，个人投资者持有1.93亿份，占总份额的49.46%,消费
159939,广发中证全指信息技术,指数型,79.01%,20.99%,12.66 亿,截至2025-06-30，广发中证全指信息技术ETF 的基金机构持有19.80亿份，占总份额的79.01%，个人投资者持有5.26亿份，占总份额的20.99%,科技
159801,广发国证半导体芯片E,指数型,54.58%,45.42%,44.92 亿,截至2025-06-30，广发国证半导体芯片ETF 的基金机构持有29.12亿份，占总份额的54.58%，个人投资者持有24.24亿份，占总份额的45.42%,芯片
510810,汇添富中证上海国企E,指数型,99.29%,0.71%,67.47 亿,截至2025-06-30，汇添富中证上海国企ETF 的基金机构持有93.45亿份，占总份额的99.29%，个人投资者持有0.66亿份，占总份额的0.71%,国央企
588180,国联安上证科创板50,指数型,70.00%,30.00%,19.19 亿,截至2025-06-30，国联安上证科创板50成份ETF 的基金机构持有34.67亿份，占总份额的70.00%，个人投资者持有14.85亿份，占总份额的30.00%,科创板
516810,华夏中证农业主题ET,指数型,40.59%,29.79%,2.34 亿,截至2025-06-30，华夏中证农业主题ETF 的基金机构持有0.97亿份，占总份额的40.59%，个人投资者持有0.71亿份，占总份额的29.79%,农业
159637,新能源车龙头ETF,指数型,69.99%,30.01%,10.42 亿,截至2025-06-30，新能源车龙头ETF 的基金机构持有9.13亿份，占总份额的69.99%，个人投资者持有3.92亿份，占总份额的30.01%,新能源
588060,广发上证科创板50成,指数型,56.80%,43.20%,83.73 亿,截至2025-06-30，广发上证科创板50成份ETF 的基金机构持有51.30亿份，占总份额的56.80%，个人投资者持有39.02亿份，占总份额的43.20%,科创板
562930,易方达中证软件服务E,指数型,77.07%,22.93%,2.63 亿,截至2025-06-30，易方达中证软件服务ETF 的基金机构持有1.48亿份，占总份额的77.07%，个人投资者持有0.44亿份，占总份额的22.93%,科技
520510,华夏中证港股通医疗主,指数型,95.41%,4.59%,2.06 亿,截至2025-07-31，华夏中证港股通医疗主题ETF 的基金机构持有4.84亿份，占总份额的95.41%，个人投资者持有0.23亿份，占总份额的4.59%,医药
512710,富国中证军工龙头ET,指数型,61.00%,39.00%,100.58 亿,截至2025-06-30，富国中证军工龙头ETF 的基金机构持有105.00亿份，占总份额的61.00%，个人投资者持有67.13亿份，占总份额的39.00%,军工
159852,嘉实中证软件服务ET,指数型,64.43%,35.57%,60.25 亿,截至2025-06-30，嘉实中证软件服务ETF 的基金机构持有25.40亿份，占总份额的64.43%，个人投资者持有14.02亿份，占总份额的35.57%,科技
159718,平安中证港股通医药卫,指数型,58.02%,41.98%,2.09 亿,截至2025-06-30，平安中证港股通医药卫生综合ETF 的基金机构持有1.72亿份，占总份额的58.02%，个人投资者持有1.25亿份，占总份额的41.98%,医药
159960,平安港股通恒生中国企,指数型,90.31%,9.69%,5.06 亿,截至2025-06-30，平安港股通恒生中国企业ETF 的基金机构持有5.50亿份，占总份额的90.31%，个人投资者持有0.59亿份，占总份额的9.69%,国央企
560260,广发中证医疗ETF,指数型,93.92%,6.08%,15.10 亿,截至2025-06-30，广发中证医疗ETF 的基金机构持有18.30亿份，占总份额的93.92%，个人投资者持有1.19亿份，占总份额的6.08%,医药
512070,易方达沪深300非银,指数型,79.02%,20.98%,176.13 亿,截至2025-06-30，易方达沪深300非银ETF 的基金机构持有73.59亿份，占总份额的79.02%，个人投资者持有19.54亿份，占总份额的20.98%,非银
520670,嘉实恒生港股通科技主,指数型,83.60%,16.40%,2.73 亿,截至2025-08-12，嘉实恒生港股通科技主题ETF 的基金机构持有2.07亿份，占总份额的83.60%，个人投资者持有0.41亿份，占总份额的16.40%,科技
562880,嘉实中证电池主题ET,指数型,65.06%,34.94%,14.52 亿,截至2025-06-30，嘉实中证电池主题ETF 的基金机构持有3.94亿份，占总份额的65.06%，个人投资者持有2.12亿份，占总份额的34.94%,新能源
159885,鹏华中证内地低碳经济,指数型,69.48%,30.52%,2.44 亿,截至2025-06-30，鹏华中证内地低碳经济主题ETF 的基金机构持有3.01亿份，占总份额的69.48%，个人投资者持有1.32亿份，占总份额的30.52%,低碳
515960,嘉实医药健康100E,指数型,63.64%,36.36%,2.04 亿,截至2025-06-30，嘉实医药健康100ETF 的基金机构持有1.81亿份，占总份额的63.64%，个人投资者持有1.03亿份，占总份额的36.36%,医药
159851,华宝中证金融科技主题,指数型,62.89%,37.11%,100.84 亿,截至2025-06-30，华宝中证金融科技主题ETF 的基金机构持有21.51亿份，占总份额的62.89%，个人投资者持有12.69亿份，占总份额的37.11%,科技
159735,银华中证港股通消费主,指数型,61.91%,38.09%,7.26 亿,截至2025-06-30，银华中证港股通消费主题ETF 的基金机构持有4.78亿份，占总份额的61.91%，个人投资者持有2.94亿份，占总份额的38.09%,消费
512800,华宝中证银行ETF,指数型,79.51%,20.49%,127.94 亿,截至2025-06-30，华宝中证银行ETF 的基金机构持有55.59亿份，占总份额的79.51%，个人投资者持有14.33亿份，占总份额的20.49%,银行
159928,汇添富中证主要消费E,指数型,55.43%,44.57%,208.92 亿,截至2025-06-30，汇添富中证主要消费ETF 的基金机构持有84.68亿份，占总份额的55.43%，个人投资者持有68.09亿份，占总份额的44.57%,消费
159797,汇添富中证全指医疗器,指数型,61.77%,38.23%,3.18 亿,截至2025-06-30，汇添富中证全指医疗器械ETF 的基金机构持有0.64亿份，占总份额的61.77%，个人投资者持有0.39亿份，占总份额的38.23%,医药
159567,银华国证港股通创新药,指数型,52.57%,47.43%,78.97 亿,截至2025-06-30，银华国证港股通创新药ETF 的基金机构持有9.50亿份，占总份额的52.57%，个人投资者持有8.57亿份，占总份额的47.43%,创新药
159792,富国中证港股通互联网,指数型,96.57%,3.43%,794.79 亿,截至2025-06-30，富国中证港股通互联网ETF 的基金机构持有527.27亿份，占总份额的96.57%，个人投资者持有18.73亿份，占总份额的3.43%,互联网
159748,富国沪港深创新药产业,指数型,51.99%,48.01%,5.62 亿,截至2025-06-30，富国沪港深创新药产业ETF 的基金机构持有2.85亿份，占总份额的51.99%，个人投资者持有2.63亿份，占总份额的48.01%,创新药
516670,招商中证畜牧养殖ET,指数型,65.19%,34.81%,13.59 亿,截至2025-06-30，招商中证畜牧养殖ETF 的基金机构持有6.14亿份，占总份额的65.19%，个人投资者持有3.28亿份，占总份额的34.81%,养殖
159745,国泰中证全指建筑材料,指数型,71.80%,28.20%,6.10 亿,截至2025-06-30，国泰中证全指建筑材料ETF 的基金机构持有6.37亿份，占总份额的71.80%，个人投资者持有2.50亿份，占总份额的28.20%,材料
515060,华夏中证全指房地产E,指数型,28.17%,24.42%,5.43 亿,截至2025-06-30，华夏中证全指房地产ETF 的基金机构持有2.80亿份，占总份额的28.17%，个人投资者持有2.43亿份，占总份额的24.42%,金融
562080,华宝沪深300自由现,指数型,82.35%,17.65%,9.25 亿,截至2025-06-30，华宝沪深300自由现金流ETF 的基金机构持有1.36亿份，占总份额的82.35%，个人投资者持有0.29亿份，占总份额的17.65%,自由现金流
159736,天弘中证食品饮料ET,指数型,4.20%,1.89%,54.21 亿,截至2025-06-30，天弘中证食品饮料ETF 的基金机构持有2.85亿份，占总份额的4.20%，个人投资者持有1.28亿份，占总份额的1.89%,食品饮料
512600,嘉实中证主要消费ET,指数型,71.08%,28.92%,12.33 亿,截至2025-06-30，嘉实中证主要消费ETF 的基金机构持有5.04亿份，占总份额的71.08%，个人投资者持有2.05亿份，占总份额的28.92%,消费
562060,华宝标普中国A股红利,指数型,95.25%,4.75%,24.78 亿,截至2025-06-30，华宝标普中国A股红利机会ETF 的基金机构持有12.21亿份，占总份额的95.25%，个人投资者持有0.61亿份，占总份额的4.75%,红利
513010,易方达恒生科技(QD,指数型,64.62%,35.38%,270.25 亿,截至2025-06-30，易方达恒生科技(QDII-ETF) 的基金机构持有100.93亿份，占总份额的64.62%，个人投资者持有55.26亿份，占总份额的35.38%,QDII
159814,西部利得创业板大盘E,指数型,53.74%,46.26%,5.20 亿,截至2025-06-30，西部利得创业板大盘ETF 的基金机构持有8.12亿份，占总份额的53.74%，个人投资者持有6.99亿份，占总份额的46.26%,创业板
513860,海富通中证港股通科技,指数型,75.20%,24.80%,45.34 亿,截至2025-06-30，海富通中证港股通科技ETF 的基金机构持有18.13亿份，占总份额的75.20%，个人投资者持有5.98亿份，占总份额的24.80%,科技
513980,景顺长城中证港股通科,指数型,84.75%,8.30%,224.93 亿,截至2025-06-30，景顺长城中证港股通科技ETF 的基金机构持有173.11亿份，占总份额的84.75%，个人投资者持有16.96亿份，占总份额的8.30%,科技
563500,华宝中证A500ET,指数型,95.98%,4.02%,6.17 亿,截至2025-06-30，华宝中证A500ETF 的基金机构持有12.05亿份，占总份额的95.98%，个人投资者持有0.51亿份，占总份额的4.02%,中证500
513580,华安恒生科技(QDI,指数型,75.25%,24.75%,51.94 亿,截至2025-06-30，华安恒生科技(QDII-ETF) 的基金机构持有24.82亿份，占总份额的75.25%，个人投资者持有8.16亿份，占总份额的24.75%,QDII
513130,华泰柏瑞南方东英恒生,指数型,45.14%,43.68%,425.06 亿,截至2025-06-30，华泰柏瑞南方东英恒生科技(QDII-ETF) 的基金机构持有167.56亿份，占总份额的45.14%，个人投资者持有162.16亿份，占总份额的43.68%,QDII
159220,华宝标普港股通低波红,指数型,84.26%,15.74%,3.08 亿,截至2025-06-30，华宝标普港股通低波红利ETF 的基金机构持有2.00亿份，占总份额的84.26%，个人投资者持有0.37亿份，占总份额的15.74%,红利
159596,华宝中证A50ETF,指数型,90.44%,9.56%,5.75 亿,截至2025-06-30，华宝中证A50ETF 的基金机构持有8.60亿份，占总份额的90.44%，个人投资者持有0.91亿份，占总份额的9.56%,中证A50
513700,鹏华中证港股通医药卫,指数型,51.70%,48.30%,8.63 亿,截至2025-06-30，鹏华中证港股通医药卫生综合交易ETF 的基金机构持有8.83亿份，占总份额的51.70%，个人投资者持有8.25亿份，占总份额的48.30%,医药
513380,广发恒生科技(QDI,指数型,85.60%,14.40%,119.03 亿,截至2025-06-30，广发恒生科技(QDII-ETF) 的基金机构持有66.44亿份，占总份额的85.60%，个人投资者持有11.18亿份，占总份额的14.40%,QDII
159636,工银瑞信国证港股通科,指数型,97.64%,2.36%,348.18 亿,截至2025-06-30，工银瑞信国证港股通科技30ETF 的基金机构持有173.31亿份，占总份额的97.64%，个人投资者持有4.19亿份，占总份额的2.36%,科技
513770,华宝中证港股通互联网,指数型,88.99%,11.01%,123.43 亿,截至2025-06-30，华宝中证港股通互联网ETF 的基金机构持有43.88亿份，占总份额的88.99%，个人投资者持有5.43亿份，占总份额的11.01%,互联网
513030,华安德国(DAX)E,指数型,57.77%,42.23%,17.73 亿,截至2025-06-30，华安德国(DAX)ETF(QDII) 的基金机构持有4.22亿份，占总份额的57.77%，个人投资者持有3.08亿份，占总份额的42.23%,海外
159941,广发纳斯达克100E,指数型,70.38%,29.62%,297.75 亿,截至2025-06-30，广发纳斯达克100ETF 的基金机构持有153.78亿份，占总份额的70.38%，个人投资者持有64.72亿份，占总份额的29.62%,海外
513080,华安法国CAC40E,指数型,71.42%,28.58%,10.30 亿,截至2025-06-30，华安法国CAC40ETF(QDII) 的基金机构持有3.73亿份，占总份额的71.42%，个人投资者持有1.49亿份，占总份额的28.58%,海外
159632,华安纳斯达克100E,指数型,76.86%,23.14%,97.80 亿,截至2025-06-30，华安纳斯达克100ETF(QDII) 的基金机构持有41.18亿份，占总份额的76.86%，个人投资者持有12.40亿份，占总份额的23.14%,海外
159655,华夏标普500ETF,指数型,49.88%,38.74%,35.00 亿,截至2025-06-30，华夏标普500ETF(QDII) 的基金机构持有10.03亿份，占总份额的49.88%，个人投资者持有7.79亿份，占总份额的38.74%,海外
159659,招商纳斯达克100E,指数型,50.84%,49.16%,79.26 亿,截至2025-06-30，招商纳斯达克100ETF(QDII) 的基金机构持有14.52亿份，占总份额的50.84%，个人投资者持有14.04亿份，占总份额的49.16%,海外
159660,汇添富纳斯达克100,指数型,62.02%,37.98%,37.72 亿,截至2025-06-30，汇添富纳斯达克100ETF 的基金机构持有9.97亿份，占总份额的62.02%，个人投资者持有6.11亿份，占总份额的37.98%,海外
159513,大成纳斯达克100E,指数型,83.34%,16.66%,59.73 亿,截至2025-06-30，大成纳斯达克100ETF(QDII) 的基金机构持有36.63亿份，占总份额的83.34%，个人投资者持有7.32亿份，占总份额的16.66%,海外
159501,嘉实纳斯达克100E,指数型,55.68%,44.32%,100.72 亿,截至2025-06-30，嘉实纳斯达克100ETF(QDII) 的基金机构持有26.09亿份，占总份额的55.68%，个人投资者持有20.77亿份，占总份额的44.32%,海外
159696,易方达纳斯达克100,指数型,54.61%,45.39%,39.70 亿,截至2025-06-30，易方达纳斯达克100ETF(QDII) 的基金机构持有10.27亿份，占总份额的54.61%，个人投资者持有8.53亿份，占总份额的45.39%,海外
159561,嘉实德国DAXETF,指数型,62.62%,37.38%,20.36 亿,截至2025-06-30，嘉实德国DAXETF(QDII) 的基金机构持有6.94亿份，占总份额的62.62%，个人投资者持有4.14亿份，占总份额的37.38%,海外
520580,招商利安新兴亚洲精选,指数型,62.86%,37.14%,3.91 亿,截至2025-06-30，招商利安新兴亚洲精选ETF(QDII) 的基金机构持有2.97亿份，占总份额的62.86%，个人投资者持有1.75亿份，占总份额的37.14%,海外
159100,华夏布拉德斯科巴西伊,指数型,69.32%,30.68%,3.00 亿,截至2025-11-06，华夏布拉德斯科巴西伊博维斯帕ETF(QDII) 的基金机构持有2.08亿份，占总份额的69.32%，个人投资者持有0.92亿份，占总份额的30.68%,海外
520870,易方达伊塔乌巴西IB,指数型,64.43%,35.57%,3.00 亿,截至2025-11-06，易方达伊塔乌巴西IBOVESPAETF(QDII) 的基金机构持有1.93亿份，占总份额的64.43%，个人投资者持有1.07亿份，占总份额的35.57%,海外
